file,line,type,commit,author,date,time,timezone,datetime,depth,length
style.css,1,css,1e80f696,salina-tang,2026-04-10,19:17:44,-07:00,2026-04-10T19:17:44-07:00,0,5
style.css,2,css,1e80f696,salina-tang,2026-04-10,19:17:44,-07:00,2026-04-10T19:17:44-07:00,1,44
style.css,3,css,6bc94e7d,salina-tang,2026-04-17,19:58:29,-07:00,2026-04-17T19:58:29-07:00,1,22
style.css,4,css,1e80f696,salina-tang,2026-04-10,19:17:44,-07:00,2026-04-10T19:17:44-07:00,0,0
style.css,5,css,1e80f696,salina-tang,2026-04-10,19:17:44,-07:00,2026-04-10T19:17:44-07:00,0,0
style.css,6,css,2df6d75b,salina-tang,2026-04-03,13:09:29,-07:00,2026-04-03T13:09:29-07:00,0,4
style.css,7,css,2df6d75b,salina-tang,2026-04-03,13:09:29,-07:00,2026-04-03T13:09:29-07:00,1,43
style.css,8,css,2df6d75b,salina-tang,2026-04-03,13:09:29,-07:00,2026-04-03T13:09:29-07:00,0,42
style.css,9,css,2df6d75b,salina-tang,2026-04-03,13:09:29,-07:00,2026-04-03T13:09:29-07:00,0,0
style.css,10,css,1e80f696,salina-tang,2026-04-10,19:17:44,-07:00,2026-04-10T19:17:44-07:00,1,14
style.css,11,css,2df6d75b,salina-tang,2026-04-03,13:09:29,-07:00,2026-04-03T13:09:29-07:00,1,23
style.css,12,css,1e80f696,salina-tang,2026-04-10,19:17:44,-07:00,2026-04-10T19:17:44-07:00,1,18
style.css,13,css,1e80f696,salina-tang,2026-04-10,19:17:44,-07:00,2026-04-10T19:17:44-07:00,1,12
style.css,14,css,1e80f696,salina-tang,2026-04-10,19:17:44,-07:00,2026-04-10T19:17:44-07:00,1,32
style.css,15,css,1e80f696,salina-tang,2026-04-10,19:17:44,-07:00,2026-04-10T19:17:44-07:00,0,0
style.css,16,css,1e80f696,salina-tang,2026-04-10,19:17:44,-07:00,2026-04-10T19:17:44-07:00,0,0
style.css,17,css,1e80f696,salina-tang,2026-04-10,19:17:44,-07:00,2026-04-10T19:17:44-07:00,0,3
style.css,18,css,6bc94e7d,salina-tang,2026-04-17,19:58:29,-07:00,2026-04-17T19:58:29-07:00,1,39
style.css,19,css,6bc94e7d,salina-tang,2026-04-17,19:58:29,-07:00,2026-04-17T19:58:29-07:00,0,0
style.css,20,css,1e80f696,salina-tang,2026-04-10,19:17:44,-07:00,2026-04-10T19:17:44-07:00,1,12
style.css,21,css,1e80f696,salina-tang,2026-04-10,19:17:44,-07:00,2026-04-10T19:17:44-07:00,1,19
style.css,22,css,1e80f696,salina-tang,2026-04-10,19:17:44,-07:00,2026-04-10T19:17:44-07:00,1,23
style.css,23,css,1e80f696,salina-tang,2026-04-10,19:17:44,-07:00,2026-04-10T19:17:44-07:00,1,25
style.css,24,css,6bc94e7d,salina-tang,2026-04-17,19:58:29,-07:00,2026-04-17T19:58:29-07:00,1,39
style.css,25,css,1e80f696,salina-tang,2026-04-10,19:17:44,-07:00,2026-04-10T19:17:44-07:00,0,0
style.css,26,css,1e80f696,salina-tang,2026-04-10,19:17:44,-07:00,2026-04-10T19:17:44-07:00,0,0
style.css,27,css,1e80f696,salina-tang,2026-04-10,19:17:44,-07:00,2026-04-10T19:17:44-07:00,0,5
style.css,28,css,1e80f696,salina-tang,2026-04-10,19:17:44,-07:00,2026-04-10T19:17:44-07:00,1,6
style.css,29,css,1e80f696,salina-tang,2026-04-10,19:17:44,-07:00,2026-04-10T19:17:44-07:00,1,20
style.css,30,css,1e80f696,salina-tang,2026-04-10,19:17:44,-07:00,2026-04-10T19:17:44-07:00,1,13
style.css,31,css,1e80f696,salina-tang,2026-04-10,19:17:44,-07:00,2026-04-10T19:17:44-07:00,1,17
style.css,32,css,1e80f696,salina-tang,2026-04-10,19:17:44,-07:00,2026-04-10T19:17:44-07:00,1,13
style.css,33,css,1e80f696,salina-tang,2026-04-10,19:17:44,-07:00,2026-04-10T19:17:44-07:00,0,0
style.css,34,css,1e80f696,salina-tang,2026-04-10,19:17:44,-07:00,2026-04-10T19:17:44-07:00,0,0
style.css,35,css,1e80f696,salina-tang,2026-04-10,19:17:44,-07:00,2026-04-10T19:17:44-07:00,0,13
style.css,36,css,6bc94e7d,salina-tang,2026-04-17,19:58:29,-07:00,2026-04-17T19:58:29-07:00,1,46
style.css,37,css,1e80f696,salina-tang,2026-04-10,19:17:44,-07:00,2026-04-10T19:17:44-07:00,1,20
style.css,38,css,1e80f696,salina-tang,2026-04-10,19:17:44,-07:00,2026-04-10T19:17:44-07:00,0,0
style.css,39,css,1e80f696,salina-tang,2026-04-10,19:17:44,-07:00,2026-04-10T19:17:44-07:00,0,0
style.css,40,css,1e80f696,salina-tang,2026-04-10,19:17:44,-07:00,2026-04-10T19:17:44-07:00,0,11
style.css,41,css,1e80f696,salina-tang,2026-04-10,19:17:44,-07:00,2026-04-10T19:17:44-07:00,1,45
style.css,42,css,1e80f696,salina-tang,2026-04-10,19:17:44,-07:00,2026-04-10T19:17:44-07:00,1,20
style.css,43,css,6bc94e7d,salina-tang,2026-04-17,19:58:29,-07:00,2026-04-17T19:58:29-07:00,1,69
style.css,44,css,1e80f696,salina-tang,2026-04-10,19:17:44,-07:00,2026-04-10T19:17:44-07:00,0,0
style.css,45,css,1e80f696,salina-tang,2026-04-10,19:17:44,-07:00,2026-04-10T19:17:44-07:00,0,0
style.css,46,css,1e80f696,salina-tang,2026-04-10,19:17:44,-07:00,2026-04-10T19:17:44-07:00,0,4
style.css,47,css,1e80f696,salina-tang,2026-04-10,19:17:44,-07:00,2026-04-10T19:17:44-07:00,0,7
style.css,48,css,6bc94e7d,salina-tang,2026-04-17,19:58:29,-07:00,2026-04-17T19:58:29-07:00,0,5
style.css,49,css,6bc94e7d,salina-tang,2026-04-17,19:58:29,-07:00,2026-04-17T19:58:29-07:00,0,6
style.css,50,css,1e80f696,salina-tang,2026-04-10,19:17:44,-07:00,2026-04-10T19:17:44-07:00,1,12
style.css,51,css,1e80f696,salina-tang,2026-04-10,19:17:44,-07:00,2026-04-10T19:17:44-07:00,0,0
style.css,52,css,1e80f696,salina-tang,2026-04-10,19:17:44,-07:00,2026-04-10T19:17:44-07:00,0,0
style.css,53,css,1e80f696,salina-tang,2026-04-10,19:17:44,-07:00,2026-04-10T19:17:44-07:00,0,4
style.css,54,css,1e80f696,salina-tang,2026-04-10,19:17:44,-07:00,2026-04-10T19:17:44-07:00,1,12
style.css,55,css,1e80f696,salina-tang,2026-04-10,19:17:44,-07:00,2026-04-10T19:17:44-07:00,1,30
style.css,56,css,1e80f696,salina-tang,2026-04-10,19:17:44,-07:00,2026-04-10T19:17:44-07:00,1,7
style.css,57,css,1e80f696,salina-tang,2026-04-10,19:17:44,-07:00,2026-04-10T19:17:44-07:00,0,0
style.css,58,css,1e80f696,salina-tang,2026-04-10,19:17:44,-07:00,2026-04-10T19:17:44-07:00,0,0
style.css,59,css,1e80f696,salina-tang,2026-04-10,19:17:44,-07:00,2026-04-10T19:17:44-07:00,0,5
style.css,60,css,1e80f696,salina-tang,2026-04-10,19:17:44,-07:00,2026-04-10T19:17:44-07:00,1,12
style.css,61,css,1e80f696,salina-tang,2026-04-10,19:17:44,-07:00,2026-04-10T19:17:44-07:00,1,29
style.css,62,css,1e80f696,salina-tang,2026-04-10,19:17:44,-07:00,2026-04-10T19:17:44-07:00,1,18
style.css,63,css,1e80f696,salina-tang,2026-04-10,19:17:44,-07:00,2026-04-10T19:17:44-07:00,0,0
style.css,64,css,1e80f696,salina-tang,2026-04-10,19:17:44,-07:00,2026-04-10T19:17:44-07:00,0,0
style.css,65,css,6bc94e7d,salina-tang,2026-04-17,19:58:29,-07:00,2026-04-17T19:58:29-07:00,0,13
style.css,66,css,6bc94e7d,salina-tang,2026-04-17,19:58:29,-07:00,2026-04-17T19:58:29-07:00,1,17
style.css,67,css,6bc94e7d,salina-tang,2026-04-17,19:58:29,-07:00,2026-04-17T19:58:29-07:00,1,8
style.css,68,css,6bc94e7d,salina-tang,2026-04-17,19:58:29,-07:00,2026-04-17T19:58:29-07:00,1,10
style.css,69,css,6bc94e7d,salina-tang,2026-04-17,19:58:29,-07:00,2026-04-17T19:58:29-07:00,1,13
style.css,70,css,6bc94e7d,salina-tang,2026-04-17,19:58:29,-07:00,2026-04-17T19:58:29-07:00,0,0
style.css,71,css,6bc94e7d,salina-tang,2026-04-17,19:58:29,-07:00,2026-04-17T19:58:29-07:00,0,0
style.css,72,css,1e80f696,salina-tang,2026-04-10,19:17:44,-07:00,2026-04-10T19:17:44-07:00,0,6
style.css,73,css,1e80f696,salina-tang,2026-04-10,19:17:44,-07:00,2026-04-10T19:17:44-07:00,1,18
style.css,74,css,1e80f696,salina-tang,2026-04-10,19:17:44,-07:00,2026-04-10T19:17:44-07:00,0,0
style.css,75,css,1e80f696,salina-tang,2026-04-10,19:17:44,-07:00,2026-04-10T19:17:44-07:00,0,0
style.css,76,css,1e80f696,salina-tang,2026-04-10,19:17:44,-07:00,2026-04-10T19:17:44-07:00,0,9
style.css,77,css,1e80f696,salina-tang,2026-04-10,19:17:44,-07:00,2026-04-10T19:17:44-07:00,1,12
style.css,78,css,1e80f696,salina-tang,2026-04-10,19:17:44,-07:00,2026-04-10T19:17:44-07:00,1,58
style.css,79,css,1e80f696,salina-tang,2026-04-10,19:17:44,-07:00,2026-04-10T19:17:44-07:00,1,7
style.css,80,css,1e80f696,salina-tang,2026-04-10,19:17:44,-07:00,2026-04-10T19:17:44-07:00,0,0
style.css,81,css,1e80f696,salina-tang,2026-04-10,19:17:44,-07:00,2026-04-10T19:17:44-07:00,0,0
style.css,82,css,9eeb73bc,salina-tang,2026-04-24,14:19:21,-07:00,2026-04-24T14:19:21-07:00,0,13
style.css,83,css,9eeb73bc,salina-tang,2026-04-24,14:19:21,-07:00,2026-04-24T14:19:21-07:00,1,10
style.css,84,css,9eeb73bc,salina-tang,2026-04-24,14:19:21,-07:00,2026-04-24T14:19:21-07:00,1,12
style.css,85,css,9eeb73bc,salina-tang,2026-04-24,14:19:21,-07:00,2026-04-24T14:19:21-07:00,1,16
style.css,86,css,9eeb73bc,salina-tang,2026-04-24,14:19:21,-07:00,2026-04-24T14:19:21-07:00,1,17
style.css,87,css,9eeb73bc,salina-tang,2026-04-24,14:19:21,-07:00,2026-04-24T14:19:21-07:00,0,0
style.css,88,css,9eeb73bc,salina-tang,2026-04-24,14:19:21,-07:00,2026-04-24T14:19:21-07:00,0,0
style.css,89,css,1cee3a43,salina-tang,2026-05-01,23:42:00,-07:00,2026-05-01T23:42:00-07:00,0,13
style.css,90,css,1cee3a43,salina-tang,2026-05-01,23:42:00,-07:00,2026-05-01T23:42:00-07:00,1,10
style.css,91,css,1cee3a43,salina-tang,2026-05-01,23:42:00,-07:00,2026-05-01T23:42:00-07:00,1,30
style.css,92,css,1cee3a43,salina-tang,2026-05-01,23:42:00,-07:00,2026-05-01T23:42:00-07:00,1,34
style.css,93,css,1cee3a43,salina-tang,2026-05-01,23:42:00,-07:00,2026-05-01T23:42:00-07:00,1,18
style.css,94,css,1cee3a43,salina-tang,2026-05-01,23:42:00,-07:00,2026-05-01T23:42:00-07:00,0,0
style.css,95,css,1cee3a43,salina-tang,2026-05-01,23:42:00,-07:00,2026-05-01T23:42:00-07:00,0,0
style.css,96,css,1cee3a43,salina-tang,2026-05-01,23:42:00,-07:00,2026-05-01T23:42:00-07:00,0,18
style.css,97,css,1cee3a43,salina-tang,2026-05-01,23:42:00,-07:00,2026-05-01T23:42:00-07:00,1,14
style.css,98,css,1cee3a43,salina-tang,2026-05-01,23:42:00,-07:00,2026-05-01T23:42:00-07:00,1,16
style.css,99,css,1cee3a43,salina-tang,2026-05-01,23:42:00,-07:00,2026-05-01T23:42:00-07:00,0,0
style.css,100,css,1cee3a43,salina-tang,2026-05-01,23:42:00,-07:00,2026-05-01T23:42:00-07:00,1,16
style.css,101,css,1cee3a43,salina-tang,2026-05-01,23:42:00,-07:00,2026-05-01T23:42:00-07:00,0,0
style.css,102,css,1cee3a43,salina-tang,2026-05-01,23:42:00,-07:00,2026-05-01T23:42:00-07:00,0,0
style.css,103,css,1cee3a43,salina-tang,2026-05-01,23:42:00,-07:00,2026-05-01T23:42:00-07:00,0,4
style.css,104,css,1cee3a43,salina-tang,2026-05-01,23:42:00,-07:00,2026-05-01T23:42:00-07:00,1,16
style.css,105,css,1cee3a43,salina-tang,2026-05-01,23:42:00,-07:00,2026-05-01T23:42:00-07:00,1,14
style.css,106,css,1cee3a43,salina-tang,2026-05-01,23:42:00,-07:00,2026-05-01T23:42:00-07:00,0,0
style.css,107,css,1cee3a43,salina-tang,2026-05-01,23:42:00,-07:00,2026-05-01T23:42:00-07:00,0,0
style.css,108,css,1cee3a43,salina-tang,2026-05-01,23:42:00,-07:00,2026-05-01T23:42:00-07:00,0,17
style.css,109,css,1cee3a43,salina-tang,2026-05-01,23:42:00,-07:00,2026-05-01T23:42:00-07:00,1,16
style.css,110,css,1cee3a43,salina-tang,2026-05-01,23:42:00,-07:00,2026-05-01T23:42:00-07:00,2,11
style.css,111,css,1cee3a43,salina-tang,2026-05-01,23:42:00,-07:00,2026-05-01T23:42:00-07:00,1,0
style.css,112,css,1cee3a43,salina-tang,2026-05-01,23:42:00,-07:00,2026-05-01T23:42:00-07:00,0,0
style.css,113,css,1cee3a43,salina-tang,2026-05-01,23:42:00,-07:00,2026-05-01T23:42:00-07:00,0,0
style.css,114,css,1cee3a43,salina-tang,2026-05-01,23:42:00,-07:00,2026-05-01T23:42:00-07:00,0,9
style.css,115,css,1cee3a43,salina-tang,2026-05-01,23:42:00,-07:00,2026-05-01T23:42:00-07:00,1,49
style.css,116,css,1cee3a43,salina-tang,2026-05-01,23:42:00,-07:00,2026-05-01T23:42:00-07:00,0,0
style.css,117,css,1cee3a43,salina-tang,2026-05-01,23:42:00,-07:00,2026-05-01T23:42:00-07:00,1,10
style.css,118,css,1cee3a43,salina-tang,2026-05-01,23:42:00,-07:00,2026-05-01T23:42:00-07:00,2,17
style.css,119,css,1cee3a43,salina-tang,2026-05-01,23:42:00,-07:00,2026-05-01T23:42:00-07:00,1,0
style.css,120,css,1cee3a43,salina-tang,2026-05-01,23:42:00,-07:00,2026-05-01T23:42:00-07:00,0,0
style.css,121,css,1cee3a43,salina-tang,2026-05-01,23:42:00,-07:00,2026-05-01T23:42:00-07:00,0,0
style.css,122,css,1cee3a43,salina-tang,2026-05-01,23:42:00,-07:00,2026-05-01T23:42:00-07:00,0,7
style.css,123,css,1cee3a43,salina-tang,2026-05-01,23:42:00,-07:00,2026-05-01T23:42:00-07:00,1,6
style.css,124,css,1cee3a43,salina-tang,2026-05-01,23:42:00,-07:00,2026-05-01T23:42:00-07:00,1,15
style.css,125,css,1cee3a43,salina-tang,2026-05-01,23:42:00,-07:00,2026-05-01T23:42:00-07:00,0,0
style.css,126,css,1cee3a43,salina-tang,2026-05-01,23:42:00,-07:00,2026-05-01T23:42:00-07:00,1,12
style.css,127,css,1cee3a43,salina-tang,2026-05-01,23:42:00,-07:00,2026-05-01T23:42:00-07:00,1,57
style.css,128,css,1cee3a43,salina-tang,2026-05-01,23:42:00,-07:00,2026-05-01T23:42:00-07:00,1,11
style.css,129,css,1cee3a43,salina-tang,2026-05-01,23:42:00,-07:00,2026-05-01T23:42:00-07:00,0,0
style.css,130,css,1cee3a43,salina-tang,2026-05-01,23:42:00,-07:00,2026-05-01T23:42:00-07:00,1,12
style.css,131,css,1cee3a43,salina-tang,2026-05-01,23:42:00,-07:00,2026-05-01T23:42:00-07:00,1,13
style.css,132,css,1cee3a43,salina-tang,2026-05-01,23:42:00,-07:00,2026-05-01T23:42:00-07:00,0,0
style.css,133,css,1cee3a43,salina-tang,2026-05-01,23:42:00,-07:00,2026-05-01T23:42:00-07:00,1,21
style.css,134,css,1cee3a43,salina-tang,2026-05-01,23:42:00,-07:00,2026-05-01T23:42:00-07:00,1,17
style.css,135,css,1cee3a43,salina-tang,2026-05-01,23:42:00,-07:00,2026-05-01T23:42:00-07:00,0,0
style.css,136,css,1cee3a43,salina-tang,2026-05-01,23:42:00,-07:00,2026-05-01T23:42:00-07:00,0,0
style.css,137,css,1cee3a43,salina-tang,2026-05-01,23:42:00,-07:00,2026-05-01T23:42:00-07:00,0,12
style.css,138,css,1cee3a43,salina-tang,2026-05-01,23:42:00,-07:00,2026-05-01T23:42:00-07:00,1,12
style.css,139,css,1cee3a43,salina-tang,2026-05-01,23:42:00,-07:00,2026-05-01T23:42:00-07:00,1,18
style.css,140,css,1cee3a43,salina-tang,2026-05-01,23:42:00,-07:00,2026-05-01T23:42:00-07:00,1,10
style.css,141,css,1cee3a43,salina-tang,2026-05-01,23:42:00,-07:00,2026-05-01T23:42:00-07:00,0,0
style.css,142,css,1cee3a43,salina-tang,2026-05-01,23:42:00,-07:00,2026-05-01T23:42:00-07:00,0,0
style.css,143,css,1cee3a43,salina-tang,2026-05-01,23:42:00,-07:00,2026-05-01T23:42:00-07:00,0,7
style.css,144,css,1cee3a43,salina-tang,2026-05-01,23:42:00,-07:00,2026-05-01T23:42:00-07:00,1,10
style.css,145,css,1cee3a43,salina-tang,2026-05-01,23:42:00,-07:00,2026-05-01T23:42:00-07:00,1,18
style.css,146,css,1cee3a43,salina-tang,2026-05-01,23:42:00,-07:00,2026-05-01T23:42:00-07:00,1,29
style.css,147,css,1cee3a43,salina-tang,2026-05-01,23:42:00,-07:00,2026-05-01T23:42:00-07:00,1,17
style.css,148,css,1cee3a43,salina-tang,2026-05-01,23:42:00,-07:00,2026-05-01T23:42:00-07:00,0,0
style.css,149,css,1cee3a43,salina-tang,2026-05-01,23:42:00,-07:00,2026-05-01T23:42:00-07:00,0,0
style.css,150,css,1cee3a43,salina-tang,2026-05-01,23:42:00,-07:00,2026-05-01T23:42:00-07:00,0,10
style.css,151,css,1cee3a43,salina-tang,2026-05-01,23:42:00,-07:00,2026-05-01T23:42:00-07:00,1,12
style.css,152,css,1cee3a43,salina-tang,2026-05-01,23:42:00,-07:00,2026-05-01T23:42:00-07:00,1,14
style.css,153,css,1cee3a43,salina-tang,2026-05-01,23:42:00,-07:00,2026-05-01T23:42:00-07:00,1,18
style.css,154,css,1cee3a43,salina-tang,2026-05-01,23:42:00,-07:00,2026-05-01T23:42:00-07:00,1,8
style.css,155,css,1cee3a43,salina-tang,2026-05-01,23:42:00,-07:00,2026-05-01T23:42:00-07:00,0,0
style.css,156,css,1cee3a43,salina-tang,2026-05-01,23:42:00,-07:00,2026-05-01T23:42:00-07:00,0,0
style.css,157,css,1cee3a43,salina-tang,2026-05-01,23:42:00,-07:00,2026-05-01T23:42:00-07:00,0,10
style.css,158,css,1cee3a43,salina-tang,2026-05-01,23:42:00,-07:00,2026-05-01T23:42:00-07:00,1,10
style.css,159,css,1cee3a43,salina-tang,2026-05-01,23:42:00,-07:00,2026-05-01T23:42:00-07:00,1,13
style.css,160,css,1cee3a43,salina-tang,2026-05-01,23:42:00,-07:00,2026-05-01T23:42:00-07:00,1,20
style.css,161,css,1cee3a43,salina-tang,2026-05-01,23:42:00,-07:00,2026-05-01T23:42:00-07:00,1,16
style.css,162,css,1cee3a43,salina-tang,2026-05-01,23:42:00,-07:00,2026-05-01T23:42:00-07:00,0,0
style.css,163,css,1cee3a43,salina-tang,2026-05-01,23:42:00,-07:00,2026-05-01T23:42:00-07:00,0,0
style.css,164,css,1e80f696,salina-tang,2026-04-10,19:17:44,-07:00,2026-04-10T19:17:44-07:00,0,7
style.css,165,css,1e80f696,salina-tang,2026-04-10,19:17:44,-07:00,2026-04-10T19:17:44-07:00,1,12
style.css,166,css,1e80f696,salina-tang,2026-04-10,19:17:44,-07:00,2026-04-10T19:17:44-07:00,1,26
style.css,167,css,1e80f696,salina-tang,2026-04-10,19:17:44,-07:00,2026-04-10T19:17:44-07:00,1,15
style.css,168,css,1e80f696,salina-tang,2026-04-10,19:17:44,-07:00,2026-04-10T19:17:44-07:00,1,7
style.css,169,css,1e80f696,salina-tang,2026-04-10,19:17:44,-07:00,2026-04-10T19:17:44-07:00,0,0
style.css,170,css,1e80f696,salina-tang,2026-04-10,19:17:44,-07:00,2026-04-10T19:17:44-07:00,0,0
style.css,171,css,1e80f696,salina-tang,2026-04-10,19:17:44,-07:00,2026-04-10T19:17:44-07:00,0,10
style.css,172,css,1e80f696,salina-tang,2026-04-10,19:17:44,-07:00,2026-04-10T19:17:44-07:00,1,8
style.css,173,css,1e80f696,salina-tang,2026-04-10,19:17:44,-07:00,2026-04-10T19:17:44-07:00,0,0
style.css,174,css,1e80f696,salina-tang,2026-04-10,19:17:44,-07:00,2026-04-10T19:17:44-07:00,0,0
style.css,175,css,1e80f696,salina-tang,2026-04-10,19:17:44,-07:00,2026-04-10T19:17:44-07:00,0,22
style.css,176,css,1e80f696,salina-tang,2026-04-10,19:17:44,-07:00,2026-04-10T19:17:44-07:00,1,15
style.css,177,css,1e80f696,salina-tang,2026-04-10,19:17:44,-07:00,2026-04-10T19:17:44-07:00,1,17
style.css,178,css,1e80f696,salina-tang,2026-04-10,19:17:44,-07:00,2026-04-10T19:17:44-07:00,0,0
style.css,179,css,1e80f696,salina-tang,2026-04-10,19:17:44,-07:00,2026-04-10T19:17:44-07:00,0,0
style.css,180,css,1e80f696,salina-tang,2026-04-10,19:17:44,-07:00,2026-04-10T19:17:44-07:00,0,2
style.css,181,css,1e80f696,salina-tang,2026-04-10,19:17:44,-07:00,2026-04-10T19:17:44-07:00,1,14
style.css,182,css,1e80f696,salina-tang,2026-04-10,19:17:44,-07:00,2026-04-10T19:17:44-07:00,0,0
style.css,183,css,1e80f696,salina-tang,2026-04-10,19:17:44,-07:00,2026-04-10T19:17:44-07:00,0,0
style.css,184,css,1e80f696,salina-tang,2026-04-10,19:17:44,-07:00,2026-04-10T19:17:44-07:00,0,7
style.css,185,css,1e80f696,salina-tang,2026-04-10,19:17:44,-07:00,2026-04-10T19:17:44-07:00,1,17
style.css,186,css,1e80f696,salina-tang,2026-04-10,19:17:44,-07:00,2026-04-10T19:17:44-07:00,0,0
style.css,187,css,1e80f696,salina-tang,2026-04-10,19:17:44,-07:00,2026-04-10T19:17:44-07:00,0,0
style.css,188,css,1e80f696,salina-tang,2026-04-10,19:17:44,-07:00,2026-04-10T19:17:44-07:00,0,15
style.css,189,css,1e80f696,salina-tang,2026-04-10,19:17:44,-07:00,2026-04-10T19:17:44-07:00,1,19
style.css,190,css,1e80f696,salina-tang,2026-04-10,19:17:44,-07:00,2026-04-10T19:17:44-07:00,0,0
style.css,191,css,1e80f696,salina-tang,2026-04-10,19:17:44,-07:00,2026-04-10T19:17:44-07:00,0,0
style.css,192,css,1e80f696,salina-tang,2026-04-10,19:17:44,-07:00,2026-04-10T19:17:44-07:00,0,14
style.css,193,css,1e80f696,salina-tang,2026-04-10,19:17:44,-07:00,2026-04-10T19:17:44-07:00,1,12
style.css,194,css,1e80f696,salina-tang,2026-04-10,19:17:44,-07:00,2026-04-10T19:17:44-07:00,1,9
style.css,195,css,1e80f696,salina-tang,2026-04-10,19:17:44,-07:00,2026-04-10T19:17:44-07:00,0,0
style.css,196,css,1e80f696,salina-tang,2026-04-10,19:17:44,-07:00,2026-04-10T19:17:44-07:00,0,0
style.css,197,css,1e80f696,salina-tang,2026-04-10,19:17:44,-07:00,2026-04-10T19:17:44-07:00,0,11
style.css,198,css,1e80f696,salina-tang,2026-04-10,19:17:44,-07:00,2026-04-10T19:17:44-07:00,1,12
style.css,199,css,1e80f696,salina-tang,2026-04-10,19:17:44,-07:00,2026-04-10T19:17:44-07:00,1,30
style.css,200,css,1e80f696,salina-tang,2026-04-10,19:17:44,-07:00,2026-04-10T19:17:44-07:00,1,14
style.css,201,css,1e80f696,salina-tang,2026-04-10,19:17:44,-07:00,2026-04-10T19:17:44-07:00,1,13
style.css,202,css,1e80f696,salina-tang,2026-04-10,19:17:44,-07:00,2026-04-10T19:17:44-07:00,0,0
style.css,203,css,1e80f696,salina-tang,2026-04-10,19:17:44,-07:00,2026-04-10T19:17:44-07:00,0,0
style.css,204,css,1e80f696,salina-tang,2026-04-10,19:17:44,-07:00,2026-04-10T19:17:44-07:00,0,21
style.css,205,css,1e80f696,salina-tang,2026-04-10,19:17:44,-07:00,2026-04-10T19:17:44-07:00,0,18
style.css,206,css,1e80f696,salina-tang,2026-04-10,19:17:44,-07:00,2026-04-10T19:17:44-07:00,1,16
style.css,207,css,1e80f696,salina-tang,2026-04-10,19:17:44,-07:00,2026-04-10T19:17:44-07:00,1,10
style.css,208,css,1e80f696,salina-tang,2026-04-10,19:17:44,-07:00,2026-04-10T19:17:44-07:00,1,8
style.css,209,css,1e80f696,salina-tang,2026-04-10,19:17:44,-07:00,2026-04-10T19:17:44-07:00,1,15
style.css,210,css,1e80f696,salina-tang,2026-04-10,19:17:44,-07:00,2026-04-10T19:17:44-07:00,1,16
style.css,211,css,1e80f696,salina-tang,2026-04-10,19:17:44,-07:00,2026-04-10T19:17:44-07:00,0,0
style.css,212,css,1e80f696,salina-tang,2026-04-10,19:17:44,-07:00,2026-04-10T19:17:44-07:00,0,0
style.css,213,css,1e80f696,salina-tang,2026-04-10,19:17:44,-07:00,2026-04-10T19:17:44-07:00,0,2
style.css,214,css,1e80f696,salina-tang,2026-04-10,19:17:44,-07:00,2026-04-10T19:17:44-07:00,1,19
style.css,215,css,1e80f696,salina-tang,2026-04-10,19:17:44,-07:00,2026-04-10T19:17:44-07:00,1,17
style.css,216,css,1e80f696,salina-tang,2026-04-10,19:17:44,-07:00,2026-04-10T19:17:44-07:00,0,0
style.css,217,css,1e80f696,salina-tang,2026-04-10,19:17:44,-07:00,2026-04-10T19:17:44-07:00,0,0
style.css,218,css,1e80f696,salina-tang,2026-04-10,19:17:44,-07:00,2026-04-10T19:17:44-07:00,0,2
style.css,219,css,1e80f696,salina-tang,2026-04-10,19:17:44,-07:00,2026-04-10T19:17:44-07:00,1,20
style.css,220,css,1e80f696,salina-tang,2026-04-10,19:17:44,-07:00,2026-04-10T19:17:44-07:00,0,0
style.css,221,css,1e80f696,salina-tang,2026-04-10,19:17:44,-07:00,2026-04-10T19:17:44-07:00,0,0
style.css,222,css,1e80f696,salina-tang,2026-04-10,19:17:44,-07:00,2026-04-10T19:17:44-07:00,0,9
style.css,223,css,1e80f696,salina-tang,2026-04-10,19:17:44,-07:00,2026-04-10T19:17:44-07:00,0,9
style.css,224,css,1e80f696,salina-tang,2026-04-10,19:17:44,-07:00,2026-04-10T19:17:44-07:00,0,9
style.css,225,css,1e80f696,salina-tang,2026-04-10,19:17:44,-07:00,2026-04-10T19:17:44-07:00,1,19
style.css,226,css,1e80f696,salina-tang,2026-04-10,19:17:44,-07:00,2026-04-10T19:17:44-07:00,0,0
style.css,227,css,1e80f696,salina-tang,2026-04-10,19:17:44,-07:00,2026-04-10T19:17:44-07:00,0,0
style.css,228,css,1e80f696,salina-tang,2026-04-10,19:17:44,-07:00,2026-04-10T19:17:44-07:00,0,12
style.css,229,css,1e80f696,salina-tang,2026-04-10,19:17:44,-07:00,2026-04-10T19:17:44-07:00,1,13
style.css,230,css,1e80f696,salina-tang,2026-04-10,19:17:44,-07:00,2026-04-10T19:17:44-07:00,1,15
style.css,231,css,1e80f696,salina-tang,2026-04-10,19:17:44,-07:00,2026-04-10T19:17:44-07:00,1,19
style.css,232,css,1e80f696,salina-tang,2026-04-10,19:17:44,-07:00,2026-04-10T19:17:44-07:00,0,0
style.css,233,css,1e80f696,salina-tang,2026-04-10,19:17:44,-07:00,2026-04-10T19:17:44-07:00,0,0
style.css,234,css,1e80f696,salina-tang,2026-04-10,19:17:44,-07:00,2026-04-10T19:17:44-07:00,0,16
style.css,235,css,1e80f696,salina-tang,2026-04-10,19:17:44,-07:00,2026-04-10T19:17:44-07:00,1,12
style.css,236,css,1e80f696,salina-tang,2026-04-10,19:17:44,-07:00,2026-04-10T19:17:44-07:00,0,0
style.css,237,css,1e80f696,salina-tang,2026-04-10,19:17:44,-07:00,2026-04-10T19:17:44-07:00,0,0
style.css,238,css,1e80f696,salina-tang,2026-04-10,19:17:44,-07:00,2026-04-10T19:17:44-07:00,0,18
style.css,239,css,1e80f696,salina-tang,2026-04-10,19:17:44,-07:00,2026-04-10T19:17:44-07:00,1,14
style.css,240,css,9eeb73bc,salina-tang,2026-04-24,14:19:21,-07:00,2026-04-24T14:19:21-07:00,0,0
style.css,241,css,9eeb73bc,salina-tang,2026-04-24,14:19:21,-07:00,2026-04-24T14:19:21-07:00,0,0
style.css,242,css,9eeb73bc,salina-tang,2026-04-24,14:19:21,-07:00,2026-04-24T14:19:21-07:00,0,14
style.css,243,css,9eeb73bc,salina-tang,2026-04-24,14:19:21,-07:00,2026-04-24T14:19:21-07:00,1,95
style.css,244,css,9eeb73bc,salina-tang,2026-04-24,14:19:21,-07:00,2026-04-24T14:19:21-07:00,0,0
style.css,245,css,9eeb73bc,salina-tang,2026-04-24,14:19:21,-07:00,2026-04-24T14:19:21-07:00,0,0
style.css,246,css,9eeb73bc,salina-tang,2026-04-24,14:19:21,-07:00,2026-04-24T14:19:21-07:00,0,17
style.css,247,css,9eeb73bc,salina-tang,2026-04-24,14:19:21,-07:00,2026-04-24T14:19:21-07:00,1,12
style.css,248,css,9eeb73bc,salina-tang,2026-04-24,14:19:21,-07:00,2026-04-24T14:19:21-07:00,1,36
style.css,249,css,9eeb73bc,salina-tang,2026-04-24,14:19:21,-07:00,2026-04-24T14:19:21-07:00,1,17
style.css,250,css,9eeb73bc,salina-tang,2026-04-24,14:19:21,-07:00,2026-04-24T14:19:21-07:00,1,10
style.css,251,css,9eeb73bc,salina-tang,2026-04-24,14:19:21,-07:00,2026-04-24T14:19:21-07:00,0,0
style.css,252,css,9eeb73bc,salina-tang,2026-04-24,14:19:21,-07:00,2026-04-24T14:19:21-07:00,0,0
style.css,253,css,9eeb73bc,salina-tang,2026-04-24,14:19:21,-07:00,2026-04-24T14:19:21-07:00,0,17
style.css,254,css,9eeb73bc,salina-tang,2026-04-24,14:19:21,-07:00,2026-04-24T14:19:21-07:00,1,10
style.css,255,css,9eeb73bc,salina-tang,2026-04-24,14:19:21,-07:00,2026-04-24T14:19:21-07:00,1,17
style.css,256,css,9eeb73bc,salina-tang,2026-04-24,14:19:21,-07:00,2026-04-24T14:19:21-07:00,1,15
style.css,257,css,9eeb73bc,salina-tang,2026-04-24,14:19:21,-07:00,2026-04-24T14:19:21-07:00,1,21
style.css,258,css,9eeb73bc,salina-tang,2026-04-24,14:19:21,-07:00,2026-04-24T14:19:21-07:00,1,13
style.css,259,css,9eeb73bc,salina-tang,2026-04-24,14:19:21,-07:00,2026-04-24T14:19:21-07:00,0,0
style.css,260,css,9eeb73bc,salina-tang,2026-04-24,14:19:21,-07:00,2026-04-24T14:19:21-07:00,0,0
style.css,261,css,9eeb73bc,salina-tang,2026-04-24,14:19:21,-07:00,2026-04-24T14:19:21-07:00,0,17
style.css,262,css,9eeb73bc,salina-tang,2026-04-24,14:19:21,-07:00,2026-04-24T14:19:21-07:00,1,10
style.css,263,css,9eeb73bc,salina-tang,2026-04-24,14:19:21,-07:00,2026-04-24T14:19:21-07:00,1,8
style.css,264,css,9eeb73bc,salina-tang,2026-04-24,14:19:21,-07:00,2026-04-24T14:19:21-07:00,1,16
style.css,265,css,9eeb73bc,salina-tang,2026-04-24,14:19:21,-07:00,2026-04-24T14:19:21-07:00,1,15
style.css,266,css,9eeb73bc,salina-tang,2026-04-24,14:19:21,-07:00,2026-04-24T14:19:21-07:00,1,10
style.css,267,css,2df6d75b,salina-tang,2026-04-03,13:09:29,-07:00,2026-04-03T13:09:29-07:00,0,0
index.js,1,js,9eeb73bc,salina-tang,2026-04-24,14:19:21,-07:00,2026-04-24T14:19:21-07:00,0,71
index.js,2,js,9eeb73bc,salina-tang,2026-04-24,14:19:21,-07:00,2026-04-24T14:19:21-07:00,0,0
index.js,3,js,9eeb73bc,salina-tang,2026-04-24,14:19:21,-07:00,2026-04-24T14:19:21-07:00,0,54
index.js,4,js,9eeb73bc,salina-tang,2026-04-24,14:19:21,-07:00,2026-04-24T14:19:21-07:00,0,42
index.js,5,js,9eeb73bc,salina-tang,2026-04-24,14:19:21,-07:00,2026-04-24T14:19:21-07:00,0,0
index.js,6,js,9eeb73bc,salina-tang,2026-04-24,14:19:21,-07:00,2026-04-24T14:19:21-07:00,0,60
index.js,7,js,9eeb73bc,salina-tang,2026-04-24,14:19:21,-07:00,2026-04-24T14:19:21-07:00,0,0
index.js,8,js,9eeb73bc,salina-tang,2026-04-24,14:19:21,-07:00,2026-04-24T14:19:21-07:00,0,54
index.js,9,js,9eeb73bc,salina-tang,2026-04-24,14:19:21,-07:00,2026-04-24T14:19:21-07:00,0,0
index.js,10,js,9eeb73bc,salina-tang,2026-04-24,14:19:21,-07:00,2026-04-24T14:19:21-07:00,0,54
index.js,11,js,9eeb73bc,salina-tang,2026-04-24,14:19:21,-07:00,2026-04-24T14:19:21-07:00,0,0
index.js,12,js,9eeb73bc,salina-tang,2026-04-24,14:19:21,-07:00,2026-04-24T14:19:21-07:00,0,60
index.js,13,js,9eeb73bc,salina-tang,2026-04-24,14:19:21,-07:00,2026-04-24T14:19:21-07:00,0,17
index.js,14,js,9eeb73bc,salina-tang,2026-04-24,14:19:21,-07:00,2026-04-24T14:19:21-07:00,1,24
index.js,15,js,9eeb73bc,salina-tang,2026-04-24,14:19:21,-07:00,2026-04-24T14:19:21-07:00,4,2
index.js,16,js,9eeb73bc,salina-tang,2026-04-24,14:19:21,-07:00,2026-04-24T14:19:21-07:00,5,55
index.js,17,js,9eeb73bc,salina-tang,2026-04-24,14:19:21,-07:00,2026-04-24T14:19:21-07:00,5,55
index.js,18,js,9eeb73bc,salina-tang,2026-04-24,14:19:21,-07:00,2026-04-24T14:19:21-07:00,5,49
index.js,19,js,9eeb73bc,salina-tang,2026-04-24,14:19:21,-07:00,2026-04-24T14:19:21-07:00,5,49
index.js,20,js,9eeb73bc,salina-tang,2026-04-24,14:19:21,-07:00,2026-04-24T14:19:21-07:00,4,3
index.js,21,js,9eeb73bc,salina-tang,2026-04-24,14:19:21,-07:00,2026-04-24T14:19:21-07:00,2,0
index.js,22,js,9eeb73bc,salina-tang,2026-04-24,14:19:21,-07:00,2026-04-24T14:19:21-07:00,0,0
index.html,1,html,db32c4e7,salina-tang,2026-04-02,23:20:41,-07:00,2026-04-02T23:20:41-07:00,0,13
index.html,2,html,db32c4e7,salina-tang,2026-04-02,23:20:41,-07:00,2026-04-02T23:20:41-07:00,0,14
index.html,3,html,db32c4e7,salina-tang,2026-04-02,23:20:41,-07:00,2026-04-02T23:20:41-07:00,0,4
index.html,4,html,db32c4e7,salina-tang,2026-04-02,23:20:41,-07:00,2026-04-02T23:20:41-07:00,2,20
index.html,5,html,db32c4e7,salina-tang,2026-04-02,23:20:41,-07:00,2026-04-02T23:20:41-07:00,2,68
index.html,6,html,db32c4e7,salina-tang,2026-04-02,23:20:41,-07:00,2026-04-02T23:20:41-07:00,2,53
index.html,7,html,1e80f696,salina-tang,2026-04-10,19:17:44,-07:00,2026-04-10T19:17:44-07:00,2,38
index.html,8,html,201745ed,salina-tang,2026-04-17,15:58:00,-07:00,2026-04-17T15:58:00-07:00,2,45
index.html,9,html,9eeb73bc,salina-tang,2026-04-24,14:19:21,-07:00,2026-04-24T14:19:21-07:00,2,50
index.html,10,html,db32c4e7,salina-tang,2026-04-02,23:20:41,-07:00,2026-04-02T23:20:41-07:00,0,5
index.html,11,html,1e80f696,salina-tang,2026-04-10,19:17:44,-07:00,2026-04-10T19:17:44-07:00,0,4
index.html,12,html,1e80f696,salina-tang,2026-04-10,19:17:44,-07:00,2026-04-10T19:17:44-07:00,2,18
index.html,13,html,1e80f696,salina-tang,2026-04-10,19:17:44,-07:00,2026-04-10T19:17:44-07:00,0,0
index.html,14,html,993fd03d,salina-tang,2026-04-03,16:14:25,-07:00,2026-04-03T16:14:25-07:00,2,107
index.html,15,html,993fd03d,salina-tang,2026-04-03,16:14:25,-07:00,2026-04-03T16:14:25-07:00,4,111
index.html,16,html,993fd03d,salina-tang,2026-04-03,16:14:25,-07:00,2026-04-03T16:14:25-07:00,4,73
index.html,17,html,993fd03d,salina-tang,2026-04-03,16:14:25,-07:00,2026-04-03T16:14:25-07:00,2,2
index.html,18,html,a19b862f,salina-tang,2026-04-03,10:37:00,-07:00,2026-04-03T10:37:00-07:00,0,0
index.html,19,html,a19b862f,salina-tang,2026-04-03,10:37:00,-07:00,2026-04-03T10:37:00-07:00,2,121
index.html,20,html,9eeb73bc,salina-tang,2026-04-24,14:19:21,-07:00,2026-04-24T14:19:21-07:00,0,0
index.html,21,html,9eeb73bc,salina-tang,2026-04-24,14:19:21,-07:00,2026-04-24T14:19:21-07:00,2,22
index.html,22,html,9eeb73bc,salina-tang,2026-04-24,14:19:21,-07:00,2026-04-24T14:19:21-07:00,2,20
index.html,23,html,9eeb73bc,salina-tang,2026-04-24,14:19:21,-07:00,2026-04-24T14:19:21-07:00,4,49
index.html,24,html,9eeb73bc,salina-tang,2026-04-24,14:19:21,-07:00,2026-04-24T14:19:21-07:00,2,4
index.html,25,html,9eeb73bc,salina-tang,2026-04-24,14:19:21,-07:00,2026-04-24T14:19:21-07:00,0,0
index.html,26,html,9eeb73bc,salina-tang,2026-04-24,14:19:21,-07:00,2026-04-24T14:19:21-07:00,2,22
index.html,27,html,9eeb73bc,salina-tang,2026-04-24,14:19:21,-07:00,2026-04-24T14:19:21-07:00,2,22
index.html,28,html,9eeb73bc,salina-tang,2026-04-24,14:19:21,-07:00,2026-04-24T14:19:21-07:00,0,0
index.html,29,html,9eeb73bc,salina-tang,2026-04-24,14:19:21,-07:00,2026-04-24T14:19:21-07:00,2,4
index.html,30,html,db32c4e7,salina-tang,2026-04-02,23:20:41,-07:00,2026-04-02T23:20:41-07:00,0,5
index.html,31,html,db32c4e7,salina-tang,2026-04-02,23:20:41,-07:00,2026-04-02T23:20:41-07:00,0,5
global.js,1,js,201745ed,salina-tang,2026-04-17,15:58:00,-07:00,2026-04-17T15:58:00-07:00,0,25
global.js,2,js,201745ed,salina-tang,2026-04-17,15:58:00,-07:00,2026-04-17T15:58:00-07:00,0,0
global.js,3,js,201745ed,salina-tang,2026-04-17,15:58:00,-07:00,2026-04-17T15:58:00-07:00,0,41
global.js,4,js,201745ed,salina-tang,2026-04-17,15:58:00,-07:00,2026-04-17T15:58:00-07:00,1,52
global.js,5,js,b0722ec7,salina-tang,2026-04-17,17:03:02,-07:00,2026-04-17T17:03:02-07:00,0,0
global.js,6,js,b0722ec7,salina-tang,2026-04-17,17:03:02,-07:00,2026-04-17T17:03:02-07:00,0,0
global.js,7,js,b0722ec7,salina-tang,2026-04-17,17:03:02,-07:00,2026-04-17T17:03:02-07:00,0,28
global.js,8,js,b0722ec7,salina-tang,2026-04-17,17:03:02,-07:00,2026-04-17T17:03:02-07:00,0,0
global.js,9,js,b0722ec7,salina-tang,2026-04-17,17:03:02,-07:00,2026-04-17T17:03:02-07:00,0,33
global.js,10,js,b0722ec7,salina-tang,2026-04-17,17:03:02,-07:00,2026-04-17T17:03:02-07:00,0,71
global.js,11,js,b0722ec7,salina-tang,2026-04-17,17:03:02,-07:00,2026-04-17T17:03:02-07:00,0,3
global.js,12,js,b0722ec7,salina-tang,2026-04-17,17:03:02,-07:00,2026-04-17T17:03:02-07:00,0,0
global.js,13,js,b0722ec7,salina-tang,2026-04-17,17:03:02,-07:00,2026-04-17T17:03:02-07:00,0,19
global.js,14,js,b0722ec7,salina-tang,2026-04-17,17:03:02,-07:00,2026-04-17T17:03:02-07:00,0,39
global.js,15,js,b0722ec7,salina-tang,2026-04-17,17:03:02,-07:00,2026-04-17T17:03:02-07:00,0,40
global.js,16,js,b0722ec7,salina-tang,2026-04-17,17:03:02,-07:00,2026-04-17T17:03:02-07:00,0,2
global.js,17,js,b0722ec7,salina-tang,2026-04-17,17:03:02,-07:00,2026-04-17T17:03:02-07:00,0,0
global.js,18,js,6bc94e7d,salina-tang,2026-04-17,19:58:29,-07:00,2026-04-17T19:58:29-07:00,0,16
global.js,19,js,b0722ec7,salina-tang,2026-04-17,17:03:02,-07:00,2026-04-17T17:03:02-07:00,0,11
global.js,20,js,b0722ec7,salina-tang,2026-04-17,17:03:02,-07:00,2026-04-17T17:03:02-07:00,1,25
global.js,21,js,b0722ec7,salina-tang,2026-04-17,17:03:02,-07:00,2026-04-17T17:03:02-07:00,1,38
global.js,22,js,b0722ec7,salina-tang,2026-04-17,17:03:02,-07:00,2026-04-17T17:03:02-07:00,1,36
global.js,23,js,b0722ec7,salina-tang,2026-04-17,17:03:02,-07:00,2026-04-17T17:03:02-07:00,1,34
global.js,24,js,00000000,Not Committed Yet,2026-05-08,21:33:27,-07:00,2026-05-08T21:33:27-07:00,1,29
global.js,25,js,b0722ec7,salina-tang,2026-04-17,17:03:02,-07:00,2026-04-17T17:03:02-07:00,1,56
global.js,26,js,b0722ec7,salina-tang,2026-04-17,17:03:02,-07:00,2026-04-17T17:03:02-07:00,0,0
global.js,27,js,b0722ec7,salina-tang,2026-04-17,17:03:02,-07:00,2026-04-17T17:03:02-07:00,0,0
global.js,28,js,b0722ec7,salina-tang,2026-04-17,17:03:02,-07:00,2026-04-17T17:03:02-07:00,0,88
global.js,29,js,b0722ec7,salina-tang,2026-04-17,17:03:02,-07:00,2026-04-17T17:03:02-07:00,1,36
global.js,30,js,0bdd1f99,salina-tang,2026-04-17,20:52:02,-07:00,2026-04-17T20:52:02-07:00,1,48
global.js,31,js,b0722ec7,salina-tang,2026-04-17,17:03:02,-07:00,2026-04-17T17:03:02-07:00,0,0
global.js,32,js,b0722ec7,salina-tang,2026-04-17,17:03:02,-07:00,2026-04-17T17:03:02-07:00,0,38
global.js,33,js,b0722ec7,salina-tang,2026-04-17,17:03:02,-07:00,2026-04-17T17:03:02-07:00,0,25
global.js,34,js,b0722ec7,salina-tang,2026-04-17,17:03:02,-07:00,2026-04-17T17:03:02-07:00,0,0
global.js,35,js,b0722ec7,salina-tang,2026-04-17,17:03:02,-07:00,2026-04-17T17:03:02-07:00,0,20
global.js,36,js,b0722ec7,salina-tang,2026-04-17,17:03:02,-07:00,2026-04-17T17:03:02-07:00,1,14
global.js,37,js,b0722ec7,salina-tang,2026-04-17,17:03:02,-07:00,2026-04-17T17:03:02-07:00,1,18
global.js,38,js,b0722ec7,salina-tang,2026-04-17,17:03:02,-07:00,2026-04-17T17:03:02-07:00,0,0
global.js,39,js,b0722ec7,salina-tang,2026-04-17,17:03:02,-07:00,2026-04-17T17:03:02-07:00,1,28
global.js,40,js,b0722ec7,salina-tang,2026-04-17,17:03:02,-07:00,2026-04-17T17:03:02-07:00,2,20
global.js,41,js,b0722ec7,salina-tang,2026-04-17,17:03:02,-07:00,2026-04-17T17:03:02-07:00,1,0
global.js,42,js,b0722ec7,salina-tang,2026-04-17,17:03:02,-07:00,2026-04-17T17:03:02-07:00,1,0
global.js,43,js,6bc94e7d,salina-tang,2026-04-17,19:58:29,-07:00,2026-04-17T19:58:29-07:00,1,34
global.js,44,js,6bc94e7d,salina-tang,2026-04-17,19:58:29,-07:00,2026-04-17T19:58:29-07:00,1,11
global.js,45,js,6bc94e7d,salina-tang,2026-04-17,19:58:29,-07:00,2026-04-17T19:58:29-07:00,1,20
global.js,46,js,6bc94e7d,salina-tang,2026-04-17,19:58:29,-07:00,2026-04-17T19:58:29-07:00,1,12
global.js,47,js,6bc94e7d,salina-tang,2026-04-17,19:58:29,-07:00,2026-04-17T19:58:29-07:00,0,0
global.js,48,js,f313f80c,salina-tang,2026-04-17,20:59:13,-07:00,2026-04-17T20:59:13-07:00,1,2
global.js,49,js,f313f80c,salina-tang,2026-04-17,20:59:13,-07:00,2026-04-17T20:59:13-07:00,2,25
global.js,50,js,f313f80c,salina-tang,2026-04-17,20:59:13,-07:00,2026-04-17T20:59:13-07:00,2,34
global.js,51,js,f313f80c,salina-tang,2026-04-17,20:59:13,-07:00,2026-04-17T20:59:13-07:00,2,78
global.js,52,js,f313f80c,salina-tang,2026-04-17,20:59:13,-07:00,2026-04-17T20:59:13-07:00,1,1
global.js,53,js,6bc94e7d,salina-tang,2026-04-17,19:58:29,-07:00,2026-04-17T19:58:29-07:00,2,25
global.js,54,js,6bc94e7d,salina-tang,2026-04-17,19:58:29,-07:00,2026-04-17T19:58:29-07:00,1,0
global.js,55,js,6bc94e7d,salina-tang,2026-04-17,19:58:29,-07:00,2026-04-17T19:58:29-07:00,0,0
global.js,56,js,6bc94e7d,salina-tang,2026-04-17,19:58:29,-07:00,2026-04-17T19:58:29-07:00,1,29
global.js,57,js,6bc94e7d,salina-tang,2026-04-17,19:58:29,-07:00,2026-04-17T19:58:29-07:00,2,18
global.js,58,js,6bc94e7d,salina-tang,2026-04-17,19:58:29,-07:00,2026-04-17T19:58:29-07:00,1,0
global.js,59,js,6bc94e7d,salina-tang,2026-04-17,19:58:29,-07:00,2026-04-17T19:58:29-07:00,0,0
global.js,60,js,6bc94e7d,salina-tang,2026-04-17,19:58:29,-07:00,2026-04-17T19:58:29-07:00,0,0
global.js,61,js,6bc94e7d,salina-tang,2026-04-17,19:58:29,-07:00,2026-04-17T19:58:29-07:00,0,17
global.js,62,js,6bc94e7d,salina-tang,2026-04-17,19:58:29,-07:00,2026-04-17T19:58:29-07:00,0,31
global.js,63,js,6bc94e7d,salina-tang,2026-04-17,19:58:29,-07:00,2026-04-17T19:58:29-07:00,1,11
global.js,64,js,6bc94e7d,salina-tang,2026-04-17,19:58:29,-07:00,2026-04-17T19:58:29-07:00,1,0
global.js,65,js,6bc94e7d,salina-tang,2026-04-17,19:58:29,-07:00,2026-04-17T19:58:29-07:00,0,26
global.js,66,js,6bc94e7d,salina-tang,2026-04-17,19:58:29,-07:00,2026-04-17T19:58:29-07:00,0,4
global.js,67,js,6bc94e7d,salina-tang,2026-04-17,19:58:29,-07:00,2026-04-17T19:58:29-07:00,0,6
global.js,68,js,6bc94e7d,salina-tang,2026-04-17,19:58:29,-07:00,2026-04-17T19:58:29-07:00,0,43
global.js,69,js,6bc94e7d,salina-tang,2026-04-17,19:58:29,-07:00,2026-04-17T19:58:29-07:00,3,34
global.js,70,js,6bc94e7d,salina-tang,2026-04-17,19:58:29,-07:00,2026-04-17T19:58:29-07:00,3,32
global.js,71,js,6bc94e7d,salina-tang,2026-04-17,19:58:29,-07:00,2026-04-17T19:58:29-07:00,0,7
global.js,72,js,6bc94e7d,salina-tang,2026-04-17,19:58:29,-07:00,2026-04-17T19:58:29-07:00,0,8
global.js,73,js,6bc94e7d,salina-tang,2026-04-17,19:58:29,-07:00,2026-04-17T19:58:29-07:00,0,0
global.js,74,js,6bc94e7d,salina-tang,2026-04-17,19:58:29,-07:00,2026-04-17T19:58:29-07:00,0,0
global.js,75,js,6bc94e7d,salina-tang,2026-04-17,19:58:29,-07:00,2026-04-17T19:58:29-07:00,0,60
global.js,76,js,6bc94e7d,salina-tang,2026-04-17,19:58:29,-07:00,2026-04-17T19:58:29-07:00,0,0
global.js,77,js,6bc94e7d,salina-tang,2026-04-17,19:58:29,-07:00,2026-04-17T19:58:29-07:00,0,34
global.js,78,js,6bc94e7d,salina-tang,2026-04-17,19:58:29,-07:00,2026-04-17T19:58:29-07:00,1,38
global.js,79,js,6bc94e7d,salina-tang,2026-04-17,19:58:29,-07:00,2026-04-17T19:58:29-07:00,0,0
global.js,80,js,6bc94e7d,salina-tang,2026-04-17,19:58:29,-07:00,2026-04-17T19:58:29-07:00,1,65
global.js,81,js,6bc94e7d,salina-tang,2026-04-17,19:58:29,-07:00,2026-04-17T19:58:29-07:00,1,20
global.js,82,js,b0722ec7,salina-tang,2026-04-17,17:03:02,-07:00,2026-04-17T17:03:02-07:00,0,0
global.js,83,js,b0722ec7,salina-tang,2026-04-17,17:03:02,-07:00,2026-04-17T17:03:02-07:00,0,0
global.js,84,js,6bc94e7d,salina-tang,2026-04-17,19:58:29,-07:00,2026-04-17T19:58:29-07:00,0,49
global.js,85,js,6bc94e7d,salina-tang,2026-04-17,19:58:29,-07:00,2026-04-17T19:58:29-07:00,1,57
global.js,86,js,6bc94e7d,salina-tang,2026-04-17,19:58:29,-07:00,2026-04-17T19:58:29-07:00,1,77
global.js,87,js,6bc94e7d,salina-tang,2026-04-17,19:58:29,-07:00,2026-04-17T19:58:29-07:00,1,44
global.js,88,js,6bc94e7d,salina-tang,2026-04-17,19:58:29,-07:00,2026-04-17T19:58:29-07:00,0,1
global.js,89,js,6bc94e7d,salina-tang,2026-04-17,19:58:29,-07:00,2026-04-17T19:58:29-07:00,0,0
global.js,90,js,6bc94e7d,salina-tang,2026-04-17,19:58:29,-07:00,2026-04-17T19:58:29-07:00,0,26
global.js,91,js,6bc94e7d,salina-tang,2026-04-17,19:58:29,-07:00,2026-04-17T19:58:29-07:00,0,42
global.js,92,js,6bc94e7d,salina-tang,2026-04-17,19:58:29,-07:00,2026-04-17T19:58:29-07:00,0,0
global.js,93,js,6bc94e7d,salina-tang,2026-04-17,19:58:29,-07:00,2026-04-17T19:58:29-07:00,0,49
global.js,94,js,6bc94e7d,salina-tang,2026-04-17,19:58:29,-07:00,2026-04-17T19:58:29-07:00,1,21
global.js,95,js,6bc94e7d,salina-tang,2026-04-17,19:58:29,-07:00,2026-04-17T19:58:29-07:00,0,0
global.js,96,js,6bc94e7d,salina-tang,2026-04-17,19:58:29,-07:00,2026-04-17T19:58:29-07:00,1,28
global.js,97,js,6bc94e7d,salina-tang,2026-04-17,19:58:29,-07:00,2026-04-17T19:58:29-07:00,1,26
global.js,98,js,6bc94e7d,salina-tang,2026-04-17,19:58:29,-07:00,2026-04-17T19:58:29-07:00,0,0
global.js,99,js,6bc94e7d,salina-tang,2026-04-17,19:58:29,-07:00,2026-04-17T19:58:29-07:00,1,31
global.js,100,js,6bc94e7d,salina-tang,2026-04-17,19:58:29,-07:00,2026-04-17T19:58:29-07:00,2,32
global.js,101,js,6bc94e7d,salina-tang,2026-04-17,19:58:29,-07:00,2026-04-17T19:58:29-07:00,0,0
global.js,102,js,6bc94e7d,salina-tang,2026-04-17,19:58:29,-07:00,2026-04-17T19:58:29-07:00,2,25
global.js,103,js,6bc94e7d,salina-tang,2026-04-17,19:58:29,-07:00,2026-04-17T19:58:29-07:00,0,0
global.js,104,js,6bc94e7d,salina-tang,2026-04-17,19:58:29,-07:00,2026-04-17T19:58:29-07:00,2,23
global.js,105,js,6bc94e7d,salina-tang,2026-04-17,19:58:29,-07:00,2026-04-17T19:58:29-07:00,1,0
global.js,106,js,6bc94e7d,salina-tang,2026-04-17,19:58:29,-07:00,2026-04-17T19:58:29-07:00,0,0
global.js,107,js,6bc94e7d,salina-tang,2026-04-17,19:58:29,-07:00,2026-04-17T19:58:29-07:00,1,18
global.js,108,js,9eeb73bc,salina-tang,2026-04-24,14:19:21,-07:00,2026-04-24T14:19:21-07:00,0,1
global.js,109,js,9eeb73bc,salina-tang,2026-04-24,14:19:21,-07:00,2026-04-24T14:19:21-07:00,0,0
global.js,110,js,9eeb73bc,salina-tang,2026-04-24,14:19:21,-07:00,2026-04-24T14:19:21-07:00,0,0
global.js,111,js,9eeb73bc,salina-tang,2026-04-24,14:19:21,-07:00,2026-04-24T14:19:21-07:00,0,24
global.js,112,js,9eeb73bc,salina-tang,2026-04-24,14:19:21,-07:00,2026-04-24T14:19:21-07:00,0,36
global.js,113,js,9eeb73bc,salina-tang,2026-04-24,14:19:21,-07:00,2026-04-24T14:19:21-07:00,1,3
global.js,114,js,9eeb73bc,salina-tang,2026-04-24,14:19:21,-07:00,2026-04-24T14:19:21-07:00,2,39
global.js,115,js,9eeb73bc,salina-tang,2026-04-24,14:19:21,-07:00,2026-04-24T14:19:21-07:00,2,32
global.js,116,js,9eeb73bc,salina-tang,2026-04-24,14:19:21,-07:00,2026-04-24T14:19:21-07:00,2,17
global.js,117,js,9eeb73bc,salina-tang,2026-04-24,14:19:21,-07:00,2026-04-24T14:19:21-07:00,3,66
global.js,118,js,9eeb73bc,salina-tang,2026-04-24,14:19:21,-07:00,2026-04-24T14:19:21-07:00,2,0
global.js,119,js,9eeb73bc,salina-tang,2026-04-24,14:19:21,-07:00,2026-04-24T14:19:21-07:00,0,0
global.js,120,js,9eeb73bc,salina-tang,2026-04-24,14:19:21,-07:00,2026-04-24T14:19:21-07:00,2,33
global.js,121,js,9eeb73bc,salina-tang,2026-04-24,14:19:21,-07:00,2026-04-24T14:19:21-07:00,2,10
global.js,122,js,9eeb73bc,salina-tang,2026-04-24,14:19:21,-07:00,2026-04-24T14:19:21-07:00,1,15
global.js,123,js,9eeb73bc,salina-tang,2026-04-24,14:19:21,-07:00,2026-04-24T14:19:21-07:00,2,59
global.js,124,js,9eeb73bc,salina-tang,2026-04-24,14:19:21,-07:00,2026-04-24T14:19:21-07:00,1,0
global.js,125,js,9eeb73bc,salina-tang,2026-04-24,14:19:21,-07:00,2026-04-24T14:19:21-07:00,0,0
global.js,126,js,9eeb73bc,salina-tang,2026-04-24,14:19:21,-07:00,2026-04-24T14:19:21-07:00,0,0
global.js,127,js,9eeb73bc,salina-tang,2026-04-24,14:19:21,-07:00,2026-04-24T14:19:21-07:00,0,25
global.js,128,js,9eeb73bc,salina-tang,2026-04-24,14:19:21,-07:00,2026-04-24T14:19:21-07:00,0,78
global.js,129,js,9eeb73bc,salina-tang,2026-04-24,14:19:21,-07:00,2026-04-24T14:19:21-07:00,1,30
global.js,130,js,9eeb73bc,salina-tang,2026-04-24,14:19:21,-07:00,2026-04-24T14:19:21-07:00,0,0
global.js,131,js,9eeb73bc,salina-tang,2026-04-24,14:19:21,-07:00,2026-04-24T14:19:21-07:00,1,25
global.js,132,js,9eeb73bc,salina-tang,2026-04-24,14:19:21,-07:00,2026-04-24T14:19:21-07:00,2,48
global.js,133,js,9eeb73bc,salina-tang,2026-04-24,14:19:21,-07:00,2026-04-24T14:19:21-07:00,0,0
global.js,134,js,9eeb73bc,salina-tang,2026-04-24,14:19:21,-07:00,2026-04-24T14:19:21-07:00,2,19
global.js,135,js,9eeb73bc,salina-tang,2026-04-24,14:19:21,-07:00,2026-04-24T14:19:21-07:00,3,46
global.js,136,js,9eeb73bc,salina-tang,2026-04-24,14:19:21,-07:00,2026-04-24T14:19:21-07:00,3,43
global.js,137,js,1cee3a43,salina-tang,2026-05-01,23:42:00,-07:00,2026-05-01T23:42:00-07:00,3,24
global.js,138,js,1cee3a43,salina-tang,2026-05-01,23:42:00,-07:00,2026-05-01T23:42:00-07:00,4,24
global.js,139,js,1cee3a43,salina-tang,2026-05-01,23:42:00,-07:00,2026-05-01T23:42:00-07:00,4,38
global.js,140,js,1cee3a43,salina-tang,2026-05-01,23:42:00,-07:00,2026-05-01T23:42:00-07:00,3,4
global.js,141,js,9eeb73bc,salina-tang,2026-04-24,14:19:21,-07:00,2026-04-24T14:19:21-07:00,2,0
global.js,142,js,9eeb73bc,salina-tang,2026-04-24,14:19:21,-07:00,2026-04-24T14:19:21-07:00,0,0
global.js,143,js,9eeb73bc,salina-tang,2026-04-24,14:19:21,-07:00,2026-04-24T14:19:21-07:00,2,36
global.js,144,js,9eeb73bc,salina-tang,2026-04-24,14:19:21,-07:00,2026-04-24T14:19:21-07:00,1,0
global.js,145,js,9eeb73bc,salina-tang,2026-04-24,14:19:21,-07:00,2026-04-24T14:19:21-07:00,0,0
global.js,146,js,9eeb73bc,salina-tang,2026-04-24,14:19:21,-07:00,2026-04-24T14:19:21-07:00,0,0
global.js,147,js,9eeb73bc,salina-tang,2026-04-24,14:19:21,-07:00,2026-04-24T14:19:21-07:00,0,17
global.js,148,js,9eeb73bc,salina-tang,2026-04-24,14:19:21,-07:00,2026-04-24T14:19:21-07:00,0,47
global.js,149,js,9eeb73bc,salina-tang,2026-04-24,14:19:21,-07:00,2026-04-24T14:19:21-07:00,1,22
global.js,150,js,9eeb73bc,salina-tang,2026-04-24,14:19:21,-07:00,2026-04-24T14:19:21-07:00,1,59
global.js,151,js,9eeb73bc,salina-tang,2026-04-24,14:19:21,-07:00,2026-04-24T14:19:21-07:00,0,0
resume/index.html,1,html,e370c8e4,salina-tang,2026-04-03,13:36:21,-07:00,2026-04-03T13:36:21-07:00,0,13
resume/index.html,2,html,e370c8e4,salina-tang,2026-04-03,13:36:21,-07:00,2026-04-03T13:36:21-07:00,0,14
resume/index.html,3,html,e370c8e4,salina-tang,2026-04-03,13:36:21,-07:00,2026-04-03T13:36:21-07:00,0,4
resume/index.html,4,html,e370c8e4,salina-tang,2026-04-03,13:36:21,-07:00,2026-04-03T13:36:21-07:00,2,20
resume/index.html,5,html,e370c8e4,salina-tang,2026-04-03,13:36:21,-07:00,2026-04-03T13:36:21-07:00,2,68
resume/index.html,6,html,e370c8e4,salina-tang,2026-04-03,13:36:21,-07:00,2026-04-03T13:36:21-07:00,2,33
resume/index.html,7,html,1e80f696,salina-tang,2026-04-10,19:17:44,-07:00,2026-04-10T19:17:44-07:00,2,41
resume/index.html,8,html,201745ed,salina-tang,2026-04-17,15:58:00,-07:00,2026-04-17T15:58:00-07:00,2,48
resume/index.html,9,html,e370c8e4,salina-tang,2026-04-03,13:36:21,-07:00,2026-04-03T13:36:21-07:00,0,5
resume/index.html,10,html,1e80f696,salina-tang,2026-04-10,19:17:44,-07:00,2026-04-10T19:17:44-07:00,0,19
resume/index.html,11,html,1e80f696,salina-tang,2026-04-10,19:17:44,-07:00,2026-04-10T19:17:44-07:00,2,13
resume/index.html,12,html,1e80f696,salina-tang,2026-04-10,19:17:44,-07:00,2026-04-10T19:17:44-07:00,0,0
resume/index.html,13,html,1e80f696,salina-tang,2026-04-10,19:17:44,-07:00,2026-04-10T19:17:44-07:00,2,18
resume/index.html,14,html,e370c8e4,salina-tang,2026-04-03,13:36:21,-07:00,2026-04-03T13:36:21-07:00,0,0
resume/index.html,15,html,e370c8e4,salina-tang,2026-04-03,13:36:21,-07:00,2026-04-03T13:36:21-07:00,2,6
resume/index.html,16,html,e370c8e4,salina-tang,2026-04-03,13:36:21,-07:00,2026-04-03T13:36:21-07:00,4,23
resume/index.html,17,html,e370c8e4,salina-tang,2026-04-03,13:36:21,-07:00,2026-04-03T13:36:21-07:00,4,1
resume/index.html,18,html,e370c8e4,salina-tang,2026-04-03,13:36:21,-07:00,2026-04-03T13:36:21-07:00,6,52
resume/index.html,19,html,e370c8e4,salina-tang,2026-04-03,13:36:21,-07:00,2026-04-03T13:36:21-07:00,6,77
resume/index.html,20,html,e370c8e4,salina-tang,2026-04-03,13:36:21,-07:00,2026-04-03T13:36:21-07:00,4,2
resume/index.html,21,html,e370c8e4,salina-tang,2026-04-03,13:36:21,-07:00,2026-04-03T13:36:21-07:00,2,7
resume/index.html,22,html,e370c8e4,salina-tang,2026-04-03,13:36:21,-07:00,2026-04-03T13:36:21-07:00,0,0
resume/index.html,23,html,e370c8e4,salina-tang,2026-04-03,13:36:21,-07:00,2026-04-03T13:36:21-07:00,2,7
resume/index.html,24,html,e370c8e4,salina-tang,2026-04-03,13:36:21,-07:00,2026-04-03T13:36:21-07:00,4,16
resume/index.html,25,html,e370c8e4,salina-tang,2026-04-03,13:36:21,-07:00,2026-04-03T13:36:21-07:00,4,0
resume/index.html,26,html,e370c8e4,salina-tang,2026-04-03,13:36:21,-07:00,2026-04-03T13:36:21-07:00,4,7
resume/index.html,27,html,1e80f696,salina-tang,2026-04-10,19:17:44,-07:00,2026-04-10T19:17:44-07:00,6,25
resume/index.html,28,html,e370c8e4,salina-tang,2026-04-03,13:36:21,-07:00,2026-04-03T13:36:21-07:00,8,42
resume/index.html,29,html,1e80f696,salina-tang,2026-04-10,19:17:44,-07:00,2026-04-10T19:17:44-07:00,8,34
resume/index.html,30,html,1e80f696,salina-tang,2026-04-10,19:17:44,-07:00,2026-04-10T19:17:44-07:00,0,0
resume/index.html,31,html,1e80f696,salina-tang,2026-04-10,19:17:44,-07:00,2026-04-10T19:17:44-07:00,8,66
resume/index.html,32,html,1e80f696,salina-tang,2026-04-10,19:17:44,-07:00,2026-04-10T19:17:44-07:00,8,36
resume/index.html,33,html,e370c8e4,salina-tang,2026-04-03,13:36:21,-07:00,2026-04-03T13:36:21-07:00,6,7
resume/index.html,34,html,1e80f696,salina-tang,2026-04-10,19:17:44,-07:00,2026-04-10T19:17:44-07:00,0,0
resume/index.html,35,html,e370c8e4,salina-tang,2026-04-03,13:36:21,-07:00,2026-04-03T13:36:21-07:00,6,2
resume/index.html,36,html,e370c8e4,salina-tang,2026-04-03,13:36:21,-07:00,2026-04-03T13:36:21-07:00,8,33
resume/index.html,37,html,e370c8e4,salina-tang,2026-04-03,13:36:21,-07:00,2026-04-03T13:36:21-07:00,8,62
resume/index.html,38,html,e370c8e4,salina-tang,2026-04-03,13:36:21,-07:00,2026-04-03T13:36:21-07:00,10,57
resume/index.html,39,html,e370c8e4,salina-tang,2026-04-03,13:36:21,-07:00,2026-04-03T13:36:21-07:00,10,33
resume/index.html,40,html,e370c8e4,salina-tang,2026-04-03,13:36:21,-07:00,2026-04-03T13:36:21-07:00,6,3
resume/index.html,41,html,e370c8e4,salina-tang,2026-04-03,13:36:21,-07:00,2026-04-03T13:36:21-07:00,4,8
resume/index.html,42,html,e370c8e4,salina-tang,2026-04-03,13:36:21,-07:00,2026-04-03T13:36:21-07:00,0,0
resume/index.html,43,html,e370c8e4,salina-tang,2026-04-03,13:36:21,-07:00,2026-04-03T13:36:21-07:00,4,7
resume/index.html,44,html,1e80f696,salina-tang,2026-04-10,19:17:44,-07:00,2026-04-10T19:17:44-07:00,6,25
resume/index.html,45,html,e370c8e4,salina-tang,2026-04-03,13:36:21,-07:00,2026-04-03T13:36:21-07:00,8,46
resume/index.html,46,html,1e80f696,salina-tang,2026-04-10,19:17:44,-07:00,2026-04-10T19:17:44-07:00,8,39
resume/index.html,47,html,1e80f696,salina-tang,2026-04-10,19:17:44,-07:00,2026-04-10T19:17:44-07:00,0,0
resume/index.html,48,html,1e80f696,salina-tang,2026-04-10,19:17:44,-07:00,2026-04-10T19:17:44-07:00,8,50
resume/index.html,49,html,1e80f696,salina-tang,2026-04-10,19:17:44,-07:00,2026-04-10T19:17:44-07:00,8,37
resume/index.html,50,html,e370c8e4,salina-tang,2026-04-03,13:36:21,-07:00,2026-04-03T13:36:21-07:00,6,7
resume/index.html,51,html,1e80f696,salina-tang,2026-04-10,19:17:44,-07:00,2026-04-10T19:17:44-07:00,0,0
resume/index.html,52,html,e370c8e4,salina-tang,2026-04-03,13:36:21,-07:00,2026-04-03T13:36:21-07:00,6,2
resume/index.html,53,html,e370c8e4,salina-tang,2026-04-03,13:36:21,-07:00,2026-04-03T13:36:21-07:00,8,32
resume/index.html,54,html,e370c8e4,salina-tang,2026-04-03,13:36:21,-07:00,2026-04-03T13:36:21-07:00,8,28
resume/index.html,55,html,e370c8e4,salina-tang,2026-04-03,13:36:21,-07:00,2026-04-03T13:36:21-07:00,8,47
resume/index.html,56,html,e370c8e4,salina-tang,2026-04-03,13:36:21,-07:00,2026-04-03T13:36:21-07:00,6,3
resume/index.html,57,html,e370c8e4,salina-tang,2026-04-03,13:36:21,-07:00,2026-04-03T13:36:21-07:00,4,8
resume/index.html,58,html,e370c8e4,salina-tang,2026-04-03,13:36:21,-07:00,2026-04-03T13:36:21-07:00,2,8
resume/index.html,59,html,e370c8e4,salina-tang,2026-04-03,13:36:21,-07:00,2026-04-03T13:36:21-07:00,0,0
resume/index.html,60,html,e370c8e4,salina-tang,2026-04-03,13:36:21,-07:00,2026-04-03T13:36:21-07:00,2,7
resume/index.html,61,html,e370c8e4,salina-tang,2026-04-03,13:36:21,-07:00,2026-04-03T13:36:21-07:00,4,17
resume/index.html,62,html,e370c8e4,salina-tang,2026-04-03,13:36:21,-07:00,2026-04-03T13:36:21-07:00,0,0
resume/index.html,63,html,e370c8e4,salina-tang,2026-04-03,13:36:21,-07:00,2026-04-03T13:36:21-07:00,4,7
resume/index.html,64,html,1e80f696,salina-tang,2026-04-10,19:17:44,-07:00,2026-04-10T19:17:44-07:00,6,25
resume/index.html,65,html,e370c8e4,salina-tang,2026-04-03,13:36:21,-07:00,2026-04-03T13:36:21-07:00,8,34
resume/index.html,66,html,1e80f696,salina-tang,2026-04-10,19:17:44,-07:00,2026-04-10T19:17:44-07:00,8,35
resume/index.html,67,html,1e80f696,salina-tang,2026-04-10,19:17:44,-07:00,2026-04-10T19:17:44-07:00,0,0
resume/index.html,68,html,1e80f696,salina-tang,2026-04-10,19:17:44,-07:00,2026-04-10T19:17:44-07:00,8,36
resume/index.html,69,html,1e80f696,salina-tang,2026-04-10,19:17:44,-07:00,2026-04-10T19:17:44-07:00,8,36
resume/index.html,70,html,e370c8e4,salina-tang,2026-04-03,13:36:21,-07:00,2026-04-03T13:36:21-07:00,6,7
resume/index.html,71,html,e370c8e4,salina-tang,2026-04-03,13:36:21,-07:00,2026-04-03T13:36:21-07:00,6,2
resume/index.html,72,html,e370c8e4,salina-tang,2026-04-03,13:36:21,-07:00,2026-04-03T13:36:21-07:00,8,52
resume/index.html,73,html,e370c8e4,salina-tang,2026-04-03,13:36:21,-07:00,2026-04-03T13:36:21-07:00,10,45
resume/index.html,74,html,e370c8e4,salina-tang,2026-04-03,13:36:21,-07:00,2026-04-03T13:36:21-07:00,10,47
resume/index.html,75,html,e370c8e4,salina-tang,2026-04-03,13:36:21,-07:00,2026-04-03T13:36:21-07:00,10,27
resume/index.html,76,html,e370c8e4,salina-tang,2026-04-03,13:36:21,-07:00,2026-04-03T13:36:21-07:00,8,51
resume/index.html,77,html,e370c8e4,salina-tang,2026-04-03,13:36:21,-07:00,2026-04-03T13:36:21-07:00,10,51
resume/index.html,78,html,e370c8e4,salina-tang,2026-04-03,13:36:21,-07:00,2026-04-03T13:36:21-07:00,10,37
resume/index.html,79,html,e370c8e4,salina-tang,2026-04-03,13:36:21,-07:00,2026-04-03T13:36:21-07:00,8,58
resume/index.html,80,html,e370c8e4,salina-tang,2026-04-03,13:36:21,-07:00,2026-04-03T13:36:21-07:00,10,50
resume/index.html,81,html,e370c8e4,salina-tang,2026-04-03,13:36:21,-07:00,2026-04-03T13:36:21-07:00,10,53
resume/index.html,82,html,e370c8e4,salina-tang,2026-04-03,13:36:21,-07:00,2026-04-03T13:36:21-07:00,10,28
resume/index.html,83,html,e370c8e4,salina-tang,2026-04-03,13:36:21,-07:00,2026-04-03T13:36:21-07:00,6,3
resume/index.html,84,html,e370c8e4,salina-tang,2026-04-03,13:36:21,-07:00,2026-04-03T13:36:21-07:00,4,8
resume/index.html,85,html,e370c8e4,salina-tang,2026-04-03,13:36:21,-07:00,2026-04-03T13:36:21-07:00,0,0
resume/index.html,86,html,e370c8e4,salina-tang,2026-04-03,13:36:21,-07:00,2026-04-03T13:36:21-07:00,4,7
resume/index.html,87,html,1e80f696,salina-tang,2026-04-10,19:17:44,-07:00,2026-04-10T19:17:44-07:00,6,25
resume/index.html,88,html,e370c8e4,salina-tang,2026-04-03,13:36:21,-07:00,2026-04-03T13:36:21-07:00,8,40
resume/index.html,89,html,1e80f696,salina-tang,2026-04-10,19:17:44,-07:00,2026-04-10T19:17:44-07:00,8,35
resume/index.html,90,html,1e80f696,salina-tang,2026-04-10,19:17:44,-07:00,2026-04-10T19:17:44-07:00,0,0
resume/index.html,91,html,1e80f696,salina-tang,2026-04-10,19:17:44,-07:00,2026-04-10T19:17:44-07:00,8,38
resume/index.html,92,html,1e80f696,salina-tang,2026-04-10,19:17:44,-07:00,2026-04-10T19:17:44-07:00,8,37
resume/index.html,93,html,e370c8e4,salina-tang,2026-04-03,13:36:21,-07:00,2026-04-03T13:36:21-07:00,6,7
resume/index.html,94,html,e370c8e4,salina-tang,2026-04-03,13:36:21,-07:00,2026-04-03T13:36:21-07:00,6,2
resume/index.html,95,html,e370c8e4,salina-tang,2026-04-03,13:36:21,-07:00,2026-04-03T13:36:21-07:00,8,61
resume/index.html,96,html,e370c8e4,salina-tang,2026-04-03,13:36:21,-07:00,2026-04-03T13:36:21-07:00,10,58
resume/index.html,97,html,e370c8e4,salina-tang,2026-04-03,13:36:21,-07:00,2026-04-03T13:36:21-07:00,10,32
resume/index.html,98,html,e370c8e4,salina-tang,2026-04-03,13:36:21,-07:00,2026-04-03T13:36:21-07:00,8,63
resume/index.html,99,html,e370c8e4,salina-tang,2026-04-03,13:36:21,-07:00,2026-04-03T13:36:21-07:00,10,55
resume/index.html,100,html,e370c8e4,salina-tang,2026-04-03,13:36:21,-07:00,2026-04-03T13:36:21-07:00,6,3
resume/index.html,101,html,e370c8e4,salina-tang,2026-04-03,13:36:21,-07:00,2026-04-03T13:36:21-07:00,4,8
resume/index.html,102,html,e370c8e4,salina-tang,2026-04-03,13:36:21,-07:00,2026-04-03T13:36:21-07:00,2,8
resume/index.html,103,html,e370c8e4,salina-tang,2026-04-03,13:36:21,-07:00,2026-04-03T13:36:21-07:00,0,5
resume/index.html,104,html,e370c8e4,salina-tang,2026-04-03,13:36:21,-07:00,2026-04-03T13:36:21-07:00,0,5
projects/projects.js,1,js,9eeb73bc,salina-tang,2026-04-24,14:19:21,-07:00,2026-04-24T14:19:21-07:00,0,55
projects/projects.js,2,js,1cee3a43,salina-tang,2026-05-01,23:42:00,-07:00,2026-05-01T23:42:00-07:00,0,63
projects/projects.js,3,js,1cee3a43,salina-tang,2026-05-01,23:42:00,-07:00,2026-05-01T23:42:00-07:00,0,0
projects/projects.js,4,js,9eeb73bc,salina-tang,2026-04-24,14:19:21,-07:00,2026-04-24T14:19:21-07:00,0,0
projects/projects.js,5,js,9eeb73bc,salina-tang,2026-04-24,14:19:21,-07:00,2026-04-24T14:19:21-07:00,0,55
projects/projects.js,6,js,9eeb73bc,salina-tang,2026-04-24,14:19:21,-07:00,2026-04-24T14:19:21-07:00,0,60
projects/projects.js,7,js,9eeb73bc,salina-tang,2026-04-24,14:19:21,-07:00,2026-04-24T14:19:21-07:00,0,0
projects/projects.js,8,js,9eeb73bc,salina-tang,2026-04-24,14:19:21,-07:00,2026-04-24T14:19:21-07:00,0,48
projects/projects.js,9,js,9eeb73bc,salina-tang,2026-04-24,14:19:21,-07:00,2026-04-24T14:19:21-07:00,0,0
projects/projects.js,10,js,9eeb73bc,salina-tang,2026-04-24,14:19:21,-07:00,2026-04-24T14:19:21-07:00,0,22
projects/projects.js,11,js,9eeb73bc,salina-tang,2026-04-24,14:19:21,-07:00,2026-04-24T14:19:21-07:00,0,54
projects/projects.js,12,js,1cee3a43,salina-tang,2026-05-01,23:42:00,-07:00,2026-05-01T23:42:00-07:00,0,50
projects/projects.js,13,js,1cee3a43,salina-tang,2026-05-01,23:42:00,-07:00,2026-05-01T23:42:00-07:00,0,0
projects/projects.js,14,js,1cee3a43,salina-tang,2026-05-01,23:42:00,-07:00,2026-05-01T23:42:00-07:00,0,19
projects/projects.js,15,js,1cee3a43,salina-tang,2026-05-01,23:42:00,-07:00,2026-05-01T23:42:00-07:00,0,57
projects/projects.js,16,js,1cee3a43,salina-tang,2026-05-01,23:42:00,-07:00,2026-05-01T23:42:00-07:00,0,0
projects/projects.js,17,js,1cee3a43,salina-tang,2026-05-01,23:42:00,-07:00,2026-05-01T23:42:00-07:00,0,54
projects/projects.js,18,js,1cee3a43,salina-tang,2026-05-01,23:42:00,-07:00,2026-05-01T23:42:00-07:00,0,0
projects/projects.js,19,js,1cee3a43,salina-tang,2026-05-01,23:42:00,-07:00,2026-05-01T23:42:00-07:00,0,13
projects/projects.js,20,js,1cee3a43,salina-tang,2026-05-01,23:42:00,-07:00,2026-05-01T23:42:00-07:00,0,53
projects/projects.js,21,js,1cee3a43,salina-tang,2026-05-01,23:42:00,-07:00,2026-05-01T23:42:00-07:00,0,21
projects/projects.js,22,js,1cee3a43,salina-tang,2026-05-01,23:42:00,-07:00,2026-05-01T23:42:00-07:00,0,0
projects/projects.js,23,js,1cee3a43,salina-tang,2026-05-01,23:42:00,-07:00,2026-05-01T23:42:00-07:00,0,38
projects/projects.js,24,js,1cee3a43,salina-tang,2026-05-01,23:42:00,-07:00,2026-05-01T23:42:00-07:00,2,29
projects/projects.js,25,js,1cee3a43,salina-tang,2026-05-01,23:42:00,-07:00,2026-05-01T23:42:00-07:00,4,12
projects/projects.js,26,js,1cee3a43,salina-tang,2026-05-01,23:42:00,-07:00,2026-05-01T23:42:00-07:00,4,14
projects/projects.js,27,js,1cee3a43,salina-tang,2026-05-01,23:42:00,-07:00,2026-05-01T23:42:00-07:00,4,12
projects/projects.js,28,js,1cee3a43,salina-tang,2026-05-01,23:42:00,-07:00,2026-05-01T23:42:00-07:00,2,0
projects/projects.js,29,js,1cee3a43,salina-tang,2026-05-01,23:42:00,-07:00,2026-05-01T23:42:00-07:00,2,18
projects/projects.js,30,js,1cee3a43,salina-tang,2026-05-01,23:42:00,-07:00,2026-05-01T23:42:00-07:00,2,50
projects/projects.js,31,js,1cee3a43,salina-tang,2026-05-01,23:42:00,-07:00,2026-05-01T23:42:00-07:00,4,43
projects/projects.js,32,js,1cee3a43,salina-tang,2026-05-01,23:42:00,-07:00,2026-05-01T23:42:00-07:00,2,1
projects/projects.js,33,js,1cee3a43,salina-tang,2026-05-01,23:42:00,-07:00,2026-05-01T23:42:00-07:00,2,50
projects/projects.js,34,js,1cee3a43,salina-tang,2026-05-01,23:42:00,-07:00,2026-05-01T23:42:00-07:00,2,53
projects/projects.js,35,js,1cee3a43,salina-tang,2026-05-01,23:42:00,-07:00,2026-05-01T23:42:00-07:00,2,42
projects/projects.js,36,js,1cee3a43,salina-tang,2026-05-01,23:42:00,-07:00,2026-05-01T23:42:00-07:00,2,45
projects/projects.js,37,js,1cee3a43,salina-tang,2026-05-01,23:42:00,-07:00,2026-05-01T23:42:00-07:00,0,0
projects/projects.js,38,js,1cee3a43,salina-tang,2026-05-01,23:42:00,-07:00,2026-05-01T23:42:00-07:00,2,51
projects/projects.js,39,js,1cee3a43,salina-tang,2026-05-01,23:42:00,-07:00,2026-05-01T23:42:00-07:00,0,0
projects/projects.js,40,js,1cee3a43,salina-tang,2026-05-01,23:42:00,-07:00,2026-05-01T23:42:00-07:00,2,33
projects/projects.js,41,js,1cee3a43,salina-tang,2026-05-01,23:42:00,-07:00,2026-05-01T23:42:00-07:00,2,57
projects/projects.js,42,js,1cee3a43,salina-tang,2026-05-01,23:42:00,-07:00,2026-05-01T23:42:00-07:00,2,44
projects/projects.js,43,js,1cee3a43,salina-tang,2026-05-01,23:42:00,-07:00,2026-05-01T23:42:00-07:00,0,0
projects/projects.js,44,js,1cee3a43,salina-tang,2026-05-01,23:42:00,-07:00,2026-05-01T23:42:00-07:00,2,17
projects/projects.js,45,js,1cee3a43,salina-tang,2026-05-01,23:42:00,-07:00,2026-05-01T23:42:00-07:00,0,0
projects/projects.js,46,js,1cee3a43,salina-tang,2026-05-01,23:42:00,-07:00,2026-05-01T23:42:00-07:00,2,53
projects/projects.js,47,js,1cee3a43,salina-tang,2026-05-01,23:42:00,-07:00,2026-05-01T23:42:00-07:00,2,29
projects/projects.js,48,js,1cee3a43,salina-tang,2026-05-01,23:42:00,-07:00,2026-05-01T23:42:00-07:00,4,0
projects/projects.js,49,js,1cee3a43,salina-tang,2026-05-01,23:42:00,-07:00,2026-05-01T23:42:00-07:00,4,27
projects/projects.js,50,js,1cee3a43,salina-tang,2026-05-01,23:42:00,-07:00,2026-05-01T23:42:00-07:00,4,13
projects/projects.js,51,js,1cee3a43,salina-tang,2026-05-01,23:42:00,-07:00,2026-05-01T23:42:00-07:00,4,13
projects/projects.js,52,js,1cee3a43,salina-tang,2026-05-01,23:42:00,-07:00,2026-05-01T23:42:00-07:00,4,24
projects/projects.js,53,js,1cee3a43,salina-tang,2026-05-01,23:42:00,-07:00,2026-05-01T23:42:00-07:00,4,18
projects/projects.js,54,js,1cee3a43,salina-tang,2026-05-01,23:42:00,-07:00,2026-05-01T23:42:00-07:00,6,47
projects/projects.js,55,js,1cee3a43,salina-tang,2026-05-01,23:42:00,-07:00,2026-05-01T23:42:00-07:00,0,0
projects/projects.js,56,js,1cee3a43,salina-tang,2026-05-01,23:42:00,-07:00,2026-05-01T23:42:00-07:00,6,16
projects/projects.js,57,js,1cee3a43,salina-tang,2026-05-01,23:42:00,-07:00,2026-05-01T23:42:00-07:00,8,57
projects/projects.js,58,js,1cee3a43,salina-tang,2026-05-01,23:42:00,-07:00,2026-05-01T23:42:00-07:00,0,0
projects/projects.js,59,js,1cee3a43,salina-tang,2026-05-01,23:42:00,-07:00,2026-05-01T23:42:00-07:00,6,19
projects/projects.js,60,js,1cee3a43,salina-tang,2026-05-01,23:42:00,-07:00,2026-05-01T23:42:00-07:00,6,0
projects/projects.js,61,js,1cee3a43,salina-tang,2026-05-01,23:42:00,-07:00,2026-05-01T23:42:00-07:00,6,25
projects/projects.js,62,js,1cee3a43,salina-tang,2026-05-01,23:42:00,-07:00,2026-05-01T23:42:00-07:00,8,31
projects/projects.js,63,js,1cee3a43,salina-tang,2026-05-01,23:42:00,-07:00,2026-05-01T23:42:00-07:00,6,6
projects/projects.js,64,js,1cee3a43,salina-tang,2026-05-01,23:42:00,-07:00,2026-05-01T23:42:00-07:00,8,38
projects/projects.js,65,js,1cee3a43,salina-tang,2026-05-01,23:42:00,-07:00,2026-05-01T23:42:00-07:00,10,44
projects/projects.js,66,js,1cee3a43,salina-tang,2026-05-01,23:42:00,-07:00,2026-05-01T23:42:00-07:00,8,0
projects/projects.js,67,js,1cee3a43,salina-tang,2026-05-01,23:42:00,-07:00,2026-05-01T23:42:00-07:00,6,0
projects/projects.js,68,js,1cee3a43,salina-tang,2026-05-01,23:42:00,-07:00,2026-05-01T23:42:00-07:00,0,0
projects/projects.js,69,js,1cee3a43,salina-tang,2026-05-01,23:42:00,-07:00,2026-05-01T23:42:00-07:00,6,56
projects/projects.js,70,js,1cee3a43,salina-tang,2026-05-01,23:42:00,-07:00,2026-05-01T23:42:00-07:00,0,0
projects/projects.js,71,js,1cee3a43,salina-tang,2026-05-01,23:42:00,-07:00,2026-05-01T23:42:00-07:00,6,28
projects/projects.js,72,js,1cee3a43,salina-tang,2026-05-01,23:42:00,-07:00,2026-05-01T23:42:00-07:00,8,1
projects/projects.js,73,js,1cee3a43,salina-tang,2026-05-01,23:42:00,-07:00,2026-05-01T23:42:00-07:00,4,1
projects/projects.js,74,js,1cee3a43,salina-tang,2026-05-01,23:42:00,-07:00,2026-05-01T23:42:00-07:00,0,0
projects/projects.js,75,js,1cee3a43,salina-tang,2026-05-01,23:42:00,-07:00,2026-05-01T23:42:00-07:00,2,27
projects/projects.js,76,js,1cee3a43,salina-tang,2026-05-01,23:42:00,-07:00,2026-05-01T23:42:00-07:00,4,0
projects/projects.js,77,js,1cee3a43,salina-tang,2026-05-01,23:42:00,-07:00,2026-05-01T23:42:00-07:00,4,16
projects/projects.js,78,js,1cee3a43,salina-tang,2026-05-01,23:42:00,-07:00,2026-05-01T23:42:00-07:00,4,11
projects/projects.js,79,js,1cee3a43,salina-tang,2026-05-01,23:42:00,-07:00,2026-05-01T23:42:00-07:00,4,27
projects/projects.js,80,js,1cee3a43,salina-tang,2026-05-01,23:42:00,-07:00,2026-05-01T23:42:00-07:00,4,38
projects/projects.js,81,js,1cee3a43,salina-tang,2026-05-01,23:42:00,-07:00,2026-05-01T23:42:00-07:00,4,69
projects/projects.js,82,js,1cee3a43,salina-tang,2026-05-01,23:42:00,-07:00,2026-05-01T23:42:00-07:00,2,1
projects/projects.js,83,js,1cee3a43,salina-tang,2026-05-01,23:42:00,-07:00,2026-05-01T23:42:00-07:00,0,0
projects/projects.js,84,js,1cee3a43,salina-tang,2026-05-01,23:42:00,-07:00,2026-05-01T23:42:00-07:00,2,29
projects/projects.js,85,js,1cee3a43,salina-tang,2026-05-01,23:42:00,-07:00,2026-05-01T23:42:00-07:00,4,16
projects/projects.js,86,js,1cee3a43,salina-tang,2026-05-01,23:42:00,-07:00,2026-05-01T23:42:00-07:00,4,22
projects/projects.js,87,js,1cee3a43,salina-tang,2026-05-01,23:42:00,-07:00,2026-05-01T23:42:00-07:00,6,37
projects/projects.js,88,js,1cee3a43,salina-tang,2026-05-01,23:42:00,-07:00,2026-05-01T23:42:00-07:00,4,0
projects/projects.js,89,js,1cee3a43,salina-tang,2026-05-01,23:42:00,-07:00,2026-05-01T23:42:00-07:00,0,0
projects/projects.js,90,js,1cee3a43,salina-tang,2026-05-01,23:42:00,-07:00,2026-05-01T23:42:00-07:00,2,18
projects/projects.js,91,js,1cee3a43,salina-tang,2026-05-01,23:42:00,-07:00,2026-05-01T23:42:00-07:00,4,14
projects/projects.js,92,js,1cee3a43,salina-tang,2026-05-01,23:42:00,-07:00,2026-05-01T23:42:00-07:00,4,22
projects/projects.js,93,js,1cee3a43,salina-tang,2026-05-01,23:42:00,-07:00,2026-05-01T23:42:00-07:00,6,58
projects/projects.js,94,js,1cee3a43,salina-tang,2026-05-01,23:42:00,-07:00,2026-05-01T23:42:00-07:00,4,0
projects/projects.js,95,js,1cee3a43,salina-tang,2026-05-01,23:42:00,-07:00,2026-05-01T23:42:00-07:00,0,0
projects/projects.js,96,js,1cee3a43,salina-tang,2026-05-01,23:42:00,-07:00,2026-05-01T23:42:00-07:00,0,0
projects/projects.js,97,js,1cee3a43,salina-tang,2026-05-01,23:42:00,-07:00,2026-05-01T23:42:00-07:00,0,32
projects/projects.js,98,js,1cee3a43,salina-tang,2026-05-01,23:42:00,-07:00,2026-05-01T23:42:00-07:00,0,24
projects/projects.js,99,js,1cee3a43,salina-tang,2026-05-01,23:42:00,-07:00,2026-05-01T23:42:00-07:00,0,0
projects/projects.js,100,js,1cee3a43,salina-tang,2026-05-01,23:42:00,-07:00,2026-05-01T23:42:00-07:00,0,49
projects/projects.js,101,js,1cee3a43,salina-tang,2026-05-01,23:42:00,-07:00,2026-05-01T23:42:00-07:00,2,25
projects/projects.js,102,js,1cee3a43,salina-tang,2026-05-01,23:42:00,-07:00,2026-05-01T23:42:00-07:00,0,0
projects/projects.js,103,js,1cee3a43,salina-tang,2026-05-01,23:42:00,-07:00,2026-05-01T23:42:00-07:00,2,52
projects/projects.js,104,js,1cee3a43,salina-tang,2026-05-01,23:42:00,-07:00,2026-05-01T23:42:00-07:00,4,59
projects/projects.js,105,js,1cee3a43,salina-tang,2026-05-01,23:42:00,-07:00,2026-05-01T23:42:00-07:00,4,42
projects/projects.js,106,js,1cee3a43,salina-tang,2026-05-01,23:42:00,-07:00,2026-05-01T23:42:00-07:00,2,1
projects/projects.js,107,js,1cee3a43,salina-tang,2026-05-01,23:42:00,-07:00,2026-05-01T23:42:00-07:00,2,52
projects/projects.js,108,js,1cee3a43,salina-tang,2026-05-01,23:42:00,-07:00,2026-05-01T23:42:00-07:00,2,56
projects/projects.js,109,js,1cee3a43,salina-tang,2026-05-01,23:42:00,-07:00,2026-05-01T23:42:00-07:00,2,17
projects/projects.js,110,js,1cee3a43,salina-tang,2026-05-01,23:42:00,-07:00,2026-05-01T23:42:00-07:00,2,31
projects/projects.js,111,js,1cee3a43,salina-tang,2026-05-01,23:42:00,-07:00,2026-05-01T23:42:00-07:00,0,1
projects/index.html,1,html,2df6d75b,salina-tang,2026-04-03,13:09:29,-07:00,2026-04-03T13:09:29-07:00,0,13
projects/index.html,2,html,2df6d75b,salina-tang,2026-04-03,13:09:29,-07:00,2026-04-03T13:09:29-07:00,0,14
projects/index.html,3,html,2df6d75b,salina-tang,2026-04-03,13:09:29,-07:00,2026-04-03T13:09:29-07:00,0,4
projects/index.html,4,html,2df6d75b,salina-tang,2026-04-03,13:09:29,-07:00,2026-04-03T13:09:29-07:00,2,20
projects/index.html,5,html,2df6d75b,salina-tang,2026-04-03,13:09:29,-07:00,2026-04-03T13:09:29-07:00,2,68
projects/index.html,6,html,2df6d75b,salina-tang,2026-04-03,13:09:29,-07:00,2026-04-03T13:09:29-07:00,2,26
projects/index.html,7,html,1e80f696,salina-tang,2026-04-10,19:17:44,-07:00,2026-04-10T19:17:44-07:00,2,41
projects/index.html,8,html,9eeb73bc,salina-tang,2026-04-24,14:19:21,-07:00,2026-04-24T14:19:21-07:00,0,0
projects/index.html,9,html,9eeb73bc,salina-tang,2026-04-24,14:19:21,-07:00,2026-04-24T14:19:21-07:00,2,48
projects/index.html,10,html,9eeb73bc,salina-tang,2026-04-24,14:19:21,-07:00,2026-04-24T14:19:21-07:00,2,47
projects/index.html,11,html,2df6d75b,salina-tang,2026-04-03,13:09:29,-07:00,2026-04-03T13:09:29-07:00,0,5
projects/index.html,12,html,2df6d75b,salina-tang,2026-04-03,13:09:29,-07:00,2026-04-03T13:09:29-07:00,0,4
projects/index.html,13,html,9eeb73bc,salina-tang,2026-04-24,14:19:21,-07:00,2026-04-24T14:19:21-07:00,2,38
projects/index.html,14,html,1e80f696,salina-tang,2026-04-10,19:17:44,-07:00,2026-04-10T19:17:44-07:00,0,0
projects/index.html,15,html,1cee3a43,salina-tang,2026-05-01,23:42:00,-07:00,2026-05-01T23:42:00-07:00,2,21
projects/index.html,16,html,1cee3a43,salina-tang,2026-05-01,23:42:00,-07:00,2026-05-01T23:42:00-07:00,4,58
projects/index.html,17,html,1cee3a43,salina-tang,2026-05-01,23:42:00,-07:00,2026-05-01T23:42:00-07:00,4,22
projects/index.html,18,html,1cee3a43,salina-tang,2026-05-01,23:42:00,-07:00,2026-05-01T23:42:00-07:00,2,4
projects/index.html,19,html,1cee3a43,salina-tang,2026-05-01,23:42:00,-07:00,2026-05-01T23:42:00-07:00,0,0
projects/index.html,20,html,1cee3a43,salina-tang,2026-05-01,23:42:00,-07:00,2026-05-01T23:42:00-07:00,2,4
projects/index.html,21,html,1cee3a43,salina-tang,2026-05-01,23:42:00,-07:00,2026-05-01T23:42:00-07:00,4,15
projects/index.html,22,html,1cee3a43,salina-tang,2026-05-01,23:42:00,-07:00,2026-05-01T23:42:00-07:00,4,11
projects/index.html,23,html,1cee3a43,salina-tang,2026-05-01,23:42:00,-07:00,2026-05-01T23:42:00-07:00,4,26
projects/index.html,24,html,1cee3a43,salina-tang,2026-05-01,23:42:00,-07:00,2026-05-01T23:42:00-07:00,4,31
projects/index.html,25,html,1cee3a43,salina-tang,2026-05-01,23:42:00,-07:00,2026-05-01T23:42:00-07:00,2,0
projects/index.html,26,html,1cee3a43,salina-tang,2026-05-01,23:42:00,-07:00,2026-05-01T23:42:00-07:00,0,0
projects/index.html,27,html,1e80f696,salina-tang,2026-04-10,19:17:44,-07:00,2026-04-10T19:17:44-07:00,2,20
projects/index.html,28,html,9eeb73bc,salina-tang,2026-04-24,14:19:21,-07:00,2026-04-24T14:19:21-07:00,4,0
projects/index.html,29,html,1e80f696,salina-tang,2026-04-10,19:17:44,-07:00,2026-04-10T19:17:44-07:00,2,4
projects/index.html,30,html,2df6d75b,salina-tang,2026-04-03,13:09:29,-07:00,2026-04-03T13:09:29-07:00,0,5
projects/index.html,31,html,2df6d75b,salina-tang,2026-04-03,13:09:29,-07:00,2026-04-03T13:09:29-07:00,0,5
contact/index.html,1,html,2df6d75b,salina-tang,2026-04-03,13:09:29,-07:00,2026-04-03T13:09:29-07:00,0,13
contact/index.html,2,html,2df6d75b,salina-tang,2026-04-03,13:09:29,-07:00,2026-04-03T13:09:29-07:00,0,14
contact/index.html,3,html,2df6d75b,salina-tang,2026-04-03,13:09:29,-07:00,2026-04-03T13:09:29-07:00,0,4
contact/index.html,4,html,2df6d75b,salina-tang,2026-04-03,13:09:29,-07:00,2026-04-03T13:09:29-07:00,2,20
contact/index.html,5,html,2df6d75b,salina-tang,2026-04-03,13:09:29,-07:00,2026-04-03T13:09:29-07:00,2,68
contact/index.html,6,html,2df6d75b,salina-tang,2026-04-03,13:09:29,-07:00,2026-04-03T13:09:29-07:00,2,26
contact/index.html,7,html,1e80f696,salina-tang,2026-04-10,19:17:44,-07:00,2026-04-10T19:17:44-07:00,2,41
contact/index.html,8,html,201745ed,salina-tang,2026-04-17,15:58:00,-07:00,2026-04-17T15:58:00-07:00,2,48
contact/index.html,9,html,2df6d75b,salina-tang,2026-04-03,13:09:29,-07:00,2026-04-03T13:09:29-07:00,0,5
contact/index.html,10,html,2df6d75b,salina-tang,2026-04-03,13:09:29,-07:00,2026-04-03T13:09:29-07:00,0,4
contact/index.html,11,html,1e80f696,salina-tang,2026-04-10,19:17:44,-07:00,2026-04-10T19:17:44-07:00,2,14
contact/index.html,12,html,1e80f696,salina-tang,2026-04-10,19:17:44,-07:00,2026-04-10T19:17:44-07:00,0,0
contact/index.html,13,html,6bc94e7d,salina-tang,2026-04-17,19:58:29,-07:00,2026-04-17T19:58:29-07:00,2,49
contact/index.html,14,html,6bc94e7d,salina-tang,2026-04-17,19:58:29,-07:00,2026-04-17T19:58:29-07:00,4,0
contact/index.html,15,html,2df6d75b,salina-tang,2026-04-03,13:09:29,-07:00,2026-04-03T13:09:29-07:00,4,5
contact/index.html,16,html,2df6d75b,salina-tang,2026-04-03,13:09:29,-07:00,2026-04-03T13:09:29-07:00,6,6
contact/index.html,17,html,2df6d75b,salina-tang,2026-04-03,13:09:29,-07:00,2026-04-03T13:09:29-07:00,6,20
contact/index.html,18,html,2df6d75b,salina-tang,2026-04-03,13:09:29,-07:00,2026-04-03T13:09:29-07:00,4,6
contact/index.html,19,html,2df6d75b,salina-tang,2026-04-03,13:09:29,-07:00,2026-04-03T13:09:29-07:00,4,0
contact/index.html,20,html,2df6d75b,salina-tang,2026-04-03,13:09:29,-07:00,2026-04-03T13:09:29-07:00,4,5
contact/index.html,21,html,2df6d75b,salina-tang,2026-04-03,13:09:29,-07:00,2026-04-03T13:09:29-07:00,6,6
contact/index.html,22,html,2df6d75b,salina-tang,2026-04-03,13:09:29,-07:00,2026-04-03T13:09:29-07:00,6,31
contact/index.html,23,html,2df6d75b,salina-tang,2026-04-03,13:09:29,-07:00,2026-04-03T13:09:29-07:00,4,6
contact/index.html,24,html,2df6d75b,salina-tang,2026-04-03,13:09:29,-07:00,2026-04-03T13:09:29-07:00,4,0
contact/index.html,25,html,2df6d75b,salina-tang,2026-04-03,13:09:29,-07:00,2026-04-03T13:09:29-07:00,4,19
contact/index.html,26,html,2df6d75b,salina-tang,2026-04-03,13:09:29,-07:00,2026-04-03T13:09:29-07:00,2,5
contact/index.html,27,html,2df6d75b,salina-tang,2026-04-03,13:09:29,-07:00,2026-04-03T13:09:29-07:00,0,5
contact/index.html,28,html,2df6d75b,salina-tang,2026-04-03,13:09:29,-07:00,2026-04-03T13:09:29-07:00,0,5
